regime,case,grid,dt,impl,n_points,Sa_ours,Sa_impl,Sq_ours,Sq_impl,Sz_ours,Sz_impl,rel_Sa,rel_Sz,max_abs_dz_um,n_nodes_dz_gt_1e9,n_nodes_dz_gt_1e3
matched,A1,25,3.5294117647058834e-05,pyd,1326,1.11110202134142,1.1111020213414227,1.30981631634841,1.309816316348398,5.81917577402447,5.819175774024465,2.4424906541753444e-15,-7.771561172376096e-16,0.0,0,0
matched,A1,25,3.5294117647058834e-05,gcc_native,1326,1.11110202134142,1.11110202134142,1.30981631634841,1.30981631634841,5.81917577402447,5.81917577402447,0.0,0.0,0.0,0,0
matched,A1,25,3.5294117647058834e-05,gcc_generic,1326,1.11110202134142,1.11110202134142,1.30981631634841,1.30981631634841,5.81917577402447,5.81917577402447,0.0,0.0,0.0,0,0
matched,A1,50,1.7647058823529417e-05,pyd,5151,1.30074164721828,1.3007416472182485,1.46705672850217,1.4670567285021672,6.3372046234802,6.337204623480197,-2.4202861936828413e-14,-4.440892098500626e-16,0.0,0,0
matched,A1,50,1.7647058823529417e-05,gcc_native,5151,1.30074164721828,1.30074164721828,1.46705672850217,1.46705672850217,6.3372046234802,6.3372046234802,0.0,0.0,0.0,0,0
matched,A1,50,1.7647058823529417e-05,gcc_generic,5151,1.30074164721828,1.30074164721828,1.46705672850217,1.46705672850217,6.3372046234802,6.3372046234802,0.0,0.0,0.0,0,0
matched,A1,100,8.823529411764708e-06,pyd,20301,1.43678694034134,1.4367869403413864,1.6302298246685,1.630229824668599,8.01504939299302,8.01504939299302,3.219646771412954e-14,0.0,0.0,0,0
matched,A1,100,8.823529411764708e-06,gcc_native,20301,1.43678694034134,1.43678694034134,1.6302298246685,1.6302298246685,8.01504939299302,8.01504939299302,0.0,0.0,0.0,0,0
matched,A1,100,8.823529411764708e-06,gcc_generic,20301,1.43678694034134,1.43678694034134,1.6302298246685,1.6302298246685,8.01504939299302,8.01504939299302,0.0,0.0,0.0,0,0
matched,A1,200,4.411764705882354e-06,pyd,80601,1.50672732697784,1.5067273269775585,1.72821414105966,1.7282141410597354,9.17507186758915,9.175071867589146,-1.8685053504441385e-13,-3.3306690738754696e-16,0.0,0,0
matched,A1,200,4.411764705882354e-06,gcc_native,80601,1.50672732697784,1.50672732697784,1.72821414105966,1.72821414105966,9.17507186758915,9.17507186758915,0.0,0.0,0.0,0,0
matched,A1,200,4.411764705882354e-06,gcc_generic,80601,1.50672732697784,1.50672732697784,1.72821414105966,1.72821414105966,9.17507186758915,9.17507186758915,0.0,0.0,0.0,0,0
matched,A1,400,2.205882352941177e-06,pyd,321201,1.53884160140828,1.538841601407494,1.77554486328405,1.7755448632840667,9.58200349782512,9.58200349782512,-5.108136136300345e-13,0.0,0.0,0,0
matched,A1,400,2.205882352941177e-06,gcc_native,321201,1.53884160140828,1.53884160140828,1.77554486328405,1.77554486328405,9.58200349782512,9.58200349782512,0.0,0.0,8.881784197001252e-13,0,0
matched,A1,400,2.205882352941177e-06,gcc_generic,321201,1.53884160140828,1.53884160140828,1.77554486328405,1.77554486328405,9.58200349782512,9.58200349782512,0.0,0.0,0.0,0,0
matched,A1,800,1.1029411764705886e-06,pyd,1282401,1.55400644486965,1.5540064448708122,1.79870526954904,1.7987052695490688,9.81327185926683,9.813271859266834,7.478462293875054e-13,4.440892098500626e-16,0.0,0,0
matched,A1,800,1.1029411764705886e-06,gcc_native,1282401,1.55400644486965,1.55400644486965,1.79870526954904,1.79870526954904,9.81327185926683,9.81327185926683,0.0,0.0,0.0,0,0
matched,A1,800,1.1029411764705886e-06,gcc_generic,1282401,1.55400644486965,1.55400644486965,1.79870526954904,1.79870526954904,9.81327185926683,9.81327185926683,0.0,0.0,0.0,0,0
matched,A1,1600,5.514705882352943e-07,pyd,5124801,1.56134014349375,1.5613401434912206,1.81010452775917,1.8101045277615666,9.97842338136756,9.978423381367563,-1.619926415230566e-12,4.440892098500626e-16,0.0,0,0
matched,A1,1600,5.514705882352943e-07,gcc_native,5124801,1.56134014349375,1.56134014349375,1.81010452775917,1.81010452775917,9.97842338136756,9.97842338136756,0.0,0.0,0.0,0,0
matched,A1,1600,5.514705882352943e-07,gcc_generic,5124801,1.56134014349375,1.56134014349375,1.81010452775917,1.81010452775917,9.97842338136756,9.97842338136756,0.0,0.0,0.0,0,0
matched,A2,25,3.0000000000000008e-05,pyd,1326,0.732029927617772,0.7320299276177501,1.11295246453217,1.1129524645321764,4.70381050742485,4.703810507424855,-2.986499936241671e-14,8.881784197001252e-16,0.0,0,0
matched,A2,25,3.0000000000000008e-05,gcc_native,1326,0.732029927617772,0.732029927617772,1.11295246453217,1.11295246453217,4.70381050742485,4.70381050742485,0.0,0.0,0.0,0,0
matched,A2,25,3.0000000000000008e-05,gcc_generic,1326,0.732029927617772,0.732029927617772,1.11295246453217,1.11295246453217,4.70381050742485,4.70381050742485,0.0,0.0,0.0,0,0
matched,A2,50,1.5000000000000004e-05,pyd,5151,1.34188629629272,1.341886296292711,1.93770815698482,1.9377081569848635,9,9.0,-6.772360450213455e-15,0.0,0.0,0,0
matched,A2,50,1.5000000000000004e-05,gcc_native,5151,1.34188629629272,1.34188629629272,1.93770815698482,1.93770815698482,9,9,0.0,0.0,0.0,0,0
matched,A2,50,1.5000000000000004e-05,gcc_generic,5151,1.34188629629272,1.34188629629272,1.93770815698482,1.93770815698482,9,9,0.0,0.0,0.0,0,0
matched,A2,100,7.500000000000002e-06,pyd,20301,1.642589845329,1.6425898453290844,2.23381597394864,2.233815973948874,9.05788944665674,9.057889446656745,5.129230373768223e-14,6.661338147750939e-16,0.0,0,0
matched,A2,100,7.500000000000002e-06,gcc_native,20301,1.642589845329,1.642589845329,2.23381597394864,2.23381597394864,9.05788944665674,9.05788944665674,0.0,0.0,0.0,0,0
matched,A2,100,7.500000000000002e-06,gcc_generic,20301,1.642589845329,1.642589845329,2.23381597394864,2.23381597394864,9.05788944665674,9.05788944665674,0.0,0.0,0.0,0,0
matched,A2,200,3.750000000000001e-06,pyd,80601,1.79046881031889,1.7904688103189612,2.37679012267879,2.3767901226788863,9.4379132804031,9.437913280403102,3.9745984281580604e-14,2.220446049250313e-16,0.0,0,0
matched,A2,200,3.750000000000001e-06,gcc_native,80601,1.79046881031889,1.79046881031889,2.37679012267879,2.37679012267879,9.4379132804031,9.4379132804031,0.0,0.0,0.0,0,0
matched,A2,200,3.750000000000001e-06,gcc_generic,80601,1.79046881031889,1.79046881031889,2.37679012267879,2.37679012267879,9.4379132804031,9.4379132804031,0.0,0.0,0.0,0,0
matched,A2,400,1.8750000000000005e-06,pyd,321201,1.86334269809644,1.86334269809789,2.44602308415268,2.4460230841530595,9.75700321480099,9.757003214800989,7.780442956573097e-13,-2.220446049250313e-16,0.0,0,0
matched,A2,400,1.8750000000000005e-06,gcc_native,321201,1.86334269809644,1.86334269809644,2.44602308415268,2.44602308415268,9.75700321480099,9.75700321480099,0.0,0.0,0.0,0,0
matched,A2,400,1.8750000000000005e-06,gcc_generic,321201,1.86334269809644,1.86334269809644,2.44602308415268,2.44602308415268,9.75700321480099,9.75700321480099,0.0,0.0,0.0,0,0
matched,A2,800,9.375000000000002e-07,pyd,1282401,1.89917632684462,1.8991763268416209,2.48010203329518,2.4801020332959784,9.92496352109706,9.924963521097055,-1.5791812302268227e-12,-5.551115123125783e-16,0.0,0,0
matched,A2,800,9.375000000000002e-07,gcc_native,1282401,1.89917632684462,1.89917632684462,2.48010203329518,2.48010203329518,9.92496352109706,9.92496352109706,0.0,0.0,0.0,0,0
matched,A2,800,9.375000000000002e-07,gcc_generic,1282401,1.89917632684462,1.89917632684462,2.48010203329518,2.48010203329518,9.92496352109706,9.92496352109706,0.0,0.0,0.0,0,0
matched,A2,1600,4.687500000000001e-07,pyd,5124801,1.91685825189267,1.9168582519024349,2.49670614528002,2.4967061452728427,10.0028639145458,10.002863914545848,5.094147326190068e-12,4.884981308350689e-15,0.0,0,0
matched,A2,1600,4.687500000000001e-07,gcc_native,5124801,1.91685825189267,1.91685825189267,2.49670614528002,2.49670614528002,10.0028639145458,10.0028639145458,0.0,0.0,0.0,0,0
matched,A2,1600,4.687500000000001e-07,gcc_generic,5124801,1.91685825189267,1.91685825189267,2.49670614528002,2.49670614528002,10.0028639145458,10.0028639145458,0.0,0.0,0.0,0,0
matched,A3,25,2.608695652173914e-05,pyd,1326,1.03844295992336,1.0384429599233764,1.54240156144,1.542401561440008,7,7.0,1.5765166949677223e-14,0.0,0.0,0,0
matched,A3,25,2.608695652173914e-05,gcc_native,1326,1.03844295992336,1.03844295992336,1.54240156144,1.54240156144,7,7,0.0,0.0,0.0,0,0
matched,A3,25,2.608695652173914e-05,gcc_generic,1326,1.03844295992336,1.03844295992336,1.54240156144,1.54240156144,7,7,0.0,0.0,0.0,0,0
matched,A3,50,1.304347826086957e-05,pyd,5151,1.59493122343849,1.59493122343857,2.08467284930909,2.0846728493090767,8.00136356366377,8.001363563663766,5.0182080713057076e-14,-4.440892098500626e-16,0.0,0,0
matched,A3,50,1.304347826086957e-05,gcc_native,5151,1.59493122343849,1.59493122343849,2.08467284930909,2.08467284930909,8.00136356366377,8.00136356366377,0.0,0.0,0.0,0,0
matched,A3,50,1.304347826086957e-05,gcc_generic,5151,1.59493122343849,1.59493122343849,2.08467284930909,2.08467284930909,8.00136356366377,8.00136356366377,0.0,0.0,0.0,0,0
matched,A3,100,6.521739130434785e-06,pyd,20301,1.789879707535,1.789879707535065,2.23767428227484,2.237674282274848,8.21026014821236,8.210260148212356,3.6415315207705135e-14,-4.440892098500626e-16,0.0,0,0
matched,A3,100,6.521739130434785e-06,gcc_native,20301,1.789879707535,1.789879707535,2.23767428227484,2.23767428227484,8.21026014821236,8.21026014821236,0.0,0.0,0.0,0,0
matched,A3,100,6.521739130434785e-06,gcc_generic,20301,1.789879707535,1.789879707535,2.23767428227484,2.23767428227484,8.21026014821236,8.21026014821236,0.0,0.0,0.0,0,0
matched,A3,200,3.2608695652173923e-06,pyd,80601,1.91493593171114,1.9149359317113583,2.35256473783619,2.3525647378362775,9.04616754190567,9.046167541905675,1.1390888232654106e-13,6.661338147750939e-16,0.0,0,0
matched,A3,200,3.2608695652173923e-06,gcc_native,80601,1.91493593171114,1.91493593171114,2.35256473783619,2.35256473783619,9.04616754190567,9.04616754190567,0.0,0.0,0.0,0,0
matched,A3,200,3.2608695652173923e-06,gcc_generic,80601,1.91493593171114,1.91493593171114,2.35256473783619,2.35256473783619,9.04616754190567,9.04616754190567,0.0,0.0,0.0,0,0
matched,A3,400,1.6304347826086961e-06,pyd,321201,1.97458947236444,1.9745894723648243,2.40703923251843,2.407039232517706,9.38344475471808,9.383444754718084,1.9473311851925246e-13,4.440892098500626e-16,0.0,0,0
matched,A3,400,1.6304347826086961e-06,gcc_native,321201,1.97458947236444,1.97458947236444,2.40703923251843,2.40703923251843,9.38344475471808,9.38344475471808,0.0,0.0,0.0,0,0
matched,A3,400,1.6304347826086961e-06,gcc_generic,321201,1.97458947236444,1.97458947236444,2.40703923251843,2.40703923251843,9.38344475471808,9.38344475471808,0.0,0.0,0.0,0,0
matched,A3,800,8.152173913043481e-07,pyd,1282401,2.00361106856431,2.0036110685642115,2.43342369447327,2.433423694472483,9.61131017165273,9.611310171652725,-4.9182879990894435e-14,-5.551115123125783e-16,0.0,0,0
matched,A3,800,8.152173913043481e-07,gcc_native,1282401,2.00361106856431,2.00361106856431,2.43342369447327,2.43342369447327,9.61131017165273,9.61131017165273,0.0,0.0,8.881784197001252e-13,0,0
matched,A3,800,8.152173913043481e-07,gcc_generic,1282401,2.00361106856431,2.00361106856431,2.43342369447327,2.43342369447327,9.61131017165273,9.61131017165273,0.0,0.0,0.0,0,0
matched,A3,1600,4.0760869565217404e-07,pyd,5124801,2.01790519072509,2.017905190717945,2.44639097253769,2.4463909725378685,9.74138427068049,9.741384270680491,-3.5407232701345492e-12,2.220446049250313e-16,0.0,0,0
matched,A3,1600,4.0760869565217404e-07,gcc_native,5124801,2.01790519072509,2.01790519072509,2.44639097253769,2.44639097253769,9.74138427068049,9.74138427068049,0.0,0.0,8.881784197001252e-13,0,0
matched,A3,1600,4.0760869565217404e-07,gcc_generic,5124801,2.01790519072509,2.01790519072509,2.44639097253769,2.44639097253769,9.74138427068049,9.74138427068049,0.0,0.0,0.0,0,0
released,A1,25,8e-07,pyd,1326,1.03851681239711,1.0385168123970876,1.23846068944719,1.2384606894471866,4.16329321852948,4.163293218529482,-2.1649348980190553e-14,4.440892098500626e-16,0.0,0,0
released,A1,25,8e-07,gcc_native,1326,1.03851681239711,1.03851681239711,1.23846068944719,1.23846068944719,4.16329321852948,4.16329321852948,0.0,0.0,0.0,0,0
released,A1,25,8e-07,gcc_generic,1326,1.03851681239711,1.03851681239711,1.23846068944719,1.23846068944719,4.16329321852948,4.16329321852948,0.0,0.0,0.0,0,0
released,A1,50,8e-07,pyd,5151,1.26198416402223,1.261984164022191,1.42905947495718,1.4290594749572039,5.68752956708074,5.6875295670807375,-3.097522238704187e-14,-4.440892098500626e-16,0.0,0,0
released,A1,50,8e-07,gcc_native,5151,1.26198416402223,1.26198416402223,1.42905947495718,1.42905947495718,5.68752956708074,5.68752956708074,0.0,0.0,0.0,0,0
released,A1,50,8e-07,gcc_generic,5151,1.26198416402223,1.26198416402223,1.42905947495718,1.42905947495718,5.68752956708074,5.68752956708074,0.0,0.0,0.0,0,0
released,A1,100,8e-07,pyd,20301,1.4171339400544,1.4171339400542715,1.60581620070216,1.6058162007021783,8.01504939299302,8.01504939299302,-9.070522111187529e-14,0.0,0.0,0,0
released,A1,100,8e-07,gcc_native,20301,1.4171339400544,1.4171339400544,1.60581620070216,1.60581620070216,8.01504939299302,8.01504939299302,0.0,0.0,0.0,0,0
released,A1,100,8e-07,gcc_generic,20301,1.4171339400544,1.4171339400544,1.60581620070216,1.60581620070216,8.01504939299302,8.01504939299302,0.0,0.0,0.0,0,0
released,A1,200,8e-07,pyd,80601,1.49835801589839,1.4983580158981569,1.71626886078934,1.7162688607893593,9.16450566583371,9.164505665833708,-1.5565326805244695e-13,-2.220446049250313e-16,0.0,0,0
released,A1,200,8e-07,gcc_native,80601,1.49835801589839,1.49835801589839,1.71626886078934,1.71626886078934,9.16450566583371,9.16450566583371,0.0,0.0,0.0,0,0
released,A1,200,8e-07,gcc_generic,80601,1.49835801589839,1.49835801589839,1.71626886078934,1.71626886078934,9.16450566583371,9.16450566583371,0.0,0.0,0.0,0,0
released,A1,400,8e-07,pyd,321201,1.53551242481517,1.535512424814948,1.77073554562057,1.7707355456215546,9.58200349782512,9.58200349782512,-1.4444001550373287e-13,0.0,0.0,0,0
released,A1,400,8e-07,gcc_native,321201,1.53551242481517,1.53551242481517,1.77073554562057,1.77073554562058,9.58200349782512,9.58200349782512,0.0,0.0,8.881784197001252e-13,0,0
released,A1,400,8e-07,gcc_generic,321201,1.53551242481517,1.53551242481517,1.77073554562057,1.77073554562057,9.58200349782512,9.58200349782512,0.0,0.0,0.0,0,0
released,A1,800,8e-07,pyd,1282401,1.55331587298091,1.5533158729815446,1.79768389294834,1.797683892946667,9.81327185926683,9.813271859266834,4.085620730620576e-13,4.440892098500626e-16,0.0,0,0
released,A1,800,8e-07,gcc_native,1282401,1.55331587298091,1.55331587298091,1.79768389294834,1.79768389294834,9.81327185926683,9.81327185926683,0.0,0.0,0.0,0,0
released,A1,800,8e-07,gcc_generic,1282401,1.55331587298091,1.55331587298091,1.79768389294834,1.79768389294834,9.81327185926683,9.81327185926683,0.0,0.0,0.0,0,0
released,A1,1600,8e-07,pyd,5124801,1.56191575736017,1.5619157573578282,1.81096603558855,1.8109660355888129,9.97842338136756,9.978423381367563,-1.499356194756274e-12,4.440892098500626e-16,0.0,0,0
released,A1,1600,8e-07,gcc_native,5124801,1.56191575736017,1.56191575736017,1.81096603558855,1.81096603558855,9.97842338136756,9.97842338136756,0.0,0.0,0.0,0,0
released,A1,1600,8e-07,gcc_generic,5124801,1.56191575736017,1.56191575736017,1.81096603558855,1.81096603558855,9.97842338136756,9.97842338136756,0.0,0.0,0.0,0,0
released,A2,25,8e-07,pyd,1326,0.625477281042323,0.6254772810423173,1.02340732138743,1.0234073213874182,4.70381050742485,4.703810507424855,-9.2148511043888e-15,8.881784197001252e-16,0.0,0,0
released,A2,25,8e-07,gcc_native,1326,0.625477281042323,0.625477281042323,1.02340732138743,1.02340732138743,4.70381050742485,4.70381050742485,0.0,0.0,0.0,0,0
released,A2,25,8e-07,gcc_generic,1326,0.625477281042323,0.625477281042323,1.02340732138743,1.02340732138743,4.70381050742485,4.70381050742485,0.0,0.0,0.0,0,0
released,A2,50,8e-07,pyd,5151,1.2791128447157,1.27911284471573,1.88373961977227,1.8837396197723026,9,9.0,2.353672812205332e-14,0.0,0.0,0,0
released,A2,50,8e-07,gcc_native,5151,1.2791128447157,1.2791128447157,1.88373961977227,1.88373961977227,9,9,0.0,0.0,0.0,0,0
released,A2,50,8e-07,gcc_generic,5151,1.2791128447157,1.2791128447157,1.88373961977227,1.88373961977227,9,9,0.0,0.0,0.0,0,0
released,A2,100,8e-07,pyd,20301,1.6089741075502,1.6089741075503439,2.20441195225082,2.204411952250965,9.05788944665674,9.057889446656745,8.948397578478762e-14,6.661338147750939e-16,0.0,0,0
released,A2,100,8e-07,gcc_native,20301,1.6089741075502,1.6089741075502,2.20441195225082,2.20441195225082,9.05788944665674,9.05788944665674,0.0,0.0,0.0,0,0
released,A2,100,8e-07,gcc_generic,20301,1.6089741075502,1.6089741075502,2.20441195225082,2.20441195225082,9.05788944665674,9.05788944665674,0.0,0.0,0.0,0,0
released,A2,200,8e-07,pyd,80601,1.77565736733783,1.7756573673377682,2.36424712813065,2.3642471281308697,9.40672980404766,9.406729804047664,-3.47499806707674e-14,4.440892098500626e-16,0.0,0,0
released,A2,200,8e-07,gcc_native,80601,1.77565736733783,1.77565736733783,2.36424712813065,2.36424712813065,9.40672980404766,9.40672980404766,0.0,0.0,0.0,0,0
released,A2,200,8e-07,gcc_generic,80601,1.77565736733783,1.77565736733783,2.36424712813065,2.36424712813065,9.40672980404766,9.40672980404766,0.0,0.0,0.0,0,0
released,A2,400,8e-07,pyd,321201,1.85828431597038,1.8582843159724396,2.44196739149475,2.441967391495111,9.75700321480099,9.757003214800989,1.1084466677857563e-12,-2.220446049250313e-16,0.0,0,0
released,A2,400,8e-07,gcc_native,321201,1.85828431597038,1.85828431597038,2.44196739149475,2.44196739149475,9.75700321480099,9.75700321480099,0.0,0.0,0.0,0,0
released,A2,400,8e-07,gcc_generic,321201,1.85828431597038,1.85828431597038,2.44196739149475,2.44196739149475,9.75700321480099,9.75700321480099,0.0,0.0,0.0,0,0
released,A2,800,8e-07,pyd,1282401,1.89850752640976,1.8985075264092104,2.47958076314726,2.4795807631470543,9.90154461158054,9.90154461158054,-2.894351425197783e-13,0.0,0.0,0,0
released,A2,800,8e-07,gcc_native,1282401,1.89850752640976,1.89850752640976,2.47958076314726,2.47958076314726,9.90154461158054,9.90154461158054,0.0,0.0,0.0,0,0
released,A2,800,8e-07,gcc_generic,1282401,1.89850752640976,1.89850752640976,2.47958076314726,2.47958076314726,9.90154461158054,9.90154461158054,0.0,0.0,0.0,0,0
released,A2,1600,8e-07,pyd,5124801,1.91843826327488,1.9184382632684596,2.49799734612974,2.4979973461207456,10.0028639145458,10.002863914545848,-3.346656285430072e-12,4.884981308350689e-15,0.0,0,0
released,A2,1600,8e-07,gcc_native,5124801,1.91843826327488,1.91843826327488,2.49799734612974,2.49799734612974,10.0028639145458,10.0028639145458,0.0,0.0,0.0,0,0
released,A2,1600,8e-07,gcc_generic,5124801,1.91843826327488,1.91843826327488,2.49799734612974,2.49799734612974,10.0028639145458,10.0028639145458,0.0,0.0,0.0,0,0
released,A3,25,8e-07,pyd,1326,0.901559885889489,0.901559885889495,1.41783334716824,1.4178333471682252,7,7.0,6.661338147750939e-15,0.0,0.0,0,0
released,A3,25,8e-07,gcc_native,1326,0.901559885889489,0.901559885889489,1.41783334716824,1.41783334716824,7,7,0.0,0.0,0.0,0,0
released,A3,25,8e-07,gcc_generic,1326,0.901559885889489,0.901559885889489,1.41783334716824,1.41783334716824,7,7,0.0,0.0,0.0,0,0
released,A3,50,8e-07,pyd,5151,1.51910070314246,1.51910070314255,2.02138558781663,2.021385587816608,7.88187498065029,7.881874980650287,5.928590951498336e-14,-3.3306690738754696e-16,0.0,0,0
released,A3,50,8e-07,gcc_native,5151,1.51910070314246,1.51910070314246,2.02138558781663,2.02138558781663,7.88187498065029,7.88187498065029,0.0,0.0,0.0,0,0
released,A3,50,8e-07,gcc_generic,5151,1.51910070314246,1.51910070314246,2.02138558781663,2.02138558781663,7.88187498065029,7.88187498065029,0.0,0.0,0.0,0,0
released,A3,100,8e-07,pyd,20301,1.75560466247895,1.7556046624791097,2.20571095752093,2.205710957521043,7.96521308231967,7.9652130823196705,9.103828801926284e-14,2.220446049250313e-16,0.0,0,0
released,A3,100,8e-07,gcc_native,20301,1.75560466247895,1.75560466247895,2.20571095752093,2.20571095752093,7.96521308231967,7.96521308231967,0.0,0.0,0.0,0,0
released,A3,100,8e-07,gcc_generic,20301,1.75560466247895,1.75560466247895,2.20571095752093,2.20571095752093,7.96521308231967,7.96521308231967,0.0,0.0,0.0,0,0
released,A3,200,8e-07,pyd,80601,1.90119515597182,1.9011951559714382,2.33996521327191,2.3399652132717605,8.9257815568654,8.925781556865402,-2.0083934515469082e-13,2.220446049250313e-16,0.0,0,0
released,A3,200,8e-07,gcc_native,80601,1.90119515597182,1.90119515597182,2.33996521327191,2.33996521327191,8.9257815568654,8.9257815568654,0.0,0.0,0.0,0,0
released,A3,200,8e-07,gcc_generic,80601,1.90119515597182,1.90119515597182,2.33996521327191,2.33996521327191,8.9257815568654,8.9257815568654,0.0,0.0,0.0,0,0
released,A3,400,8e-07,pyd,321201,1.96994126040404,1.9699412604031212,2.40278867369303,2.402788673693297,9.38344475471808,9.383444754718084,-4.664046926450283e-13,4.440892098500626e-16,0.0,0,0
released,A3,400,8e-07,gcc_native,321201,1.96994126040404,1.96994126040404,2.40278867369303,2.40278867369303,9.38344475471808,9.38344475471808,0.0,0.0,0.0,0,0
released,A3,400,8e-07,gcc_generic,321201,1.96994126040404,1.96994126040404,2.40278867369303,2.40278867369303,9.38344475471808,9.38344475471808,0.0,0.0,0.0,0,0
released,A3,800,8e-07,pyd,1282401,2.00353367614315,2.0035336761420135,2.43336046178972,2.4333604617892566,9.61131017165273,9.611310171652725,-5.672129432809925e-13,-5.551115123125783e-16,0.0,0,0
released,A3,800,8e-07,gcc_native,1282401,2.00353367614315,2.00353367614315,2.43336046178972,2.43336046178972,9.61131017165273,9.61131017165273,0.0,0.0,8.881784197001252e-13,0,0
released,A3,800,8e-07,gcc_generic,1282401,2.00353367614315,2.00353367614315,2.43336046178972,2.43336046178972,9.61131017165273,9.61131017165273,0.0,0.0,0.0,0,0
released,A3,1600,8e-07,pyd,5124801,2.0203615491356,2.0203615491308007,2.44876064224164,2.4487606422466515,12.0769410847034,12.076941084703357,-2.375433183487985e-12,-3.552713678800501e-15,0.0,0,0
released,A3,1600,8e-07,gcc_native,5124801,2.0203615491356,2.0203615491356,2.44876064224164,2.44876064224164,12.0769410847034,12.0769410847034,0.0,0.0,8.881784197001252e-13,0,0
released,A3,1600,8e-07,gcc_generic,5124801,2.0203615491356,2.0203615491356,2.44876064224164,2.44876064224164,12.0769410847034,12.0769410847034,0.0,0.0,0.0,0,0
