regime,case,grid,dt,impl,threads,Sa,Sz,t_s,t_runs
matched,A1,25,3.5294117647058834e-05,ours,1,1.11110202134142,5.81917577402447,0.0026255,0.0026;0.0026;0.0027
matched,A1,25,3.5294117647058834e-05,gcc_native,1,1.11110202134142,5.81917577402447,0.0063916,0.0064;0.0064;0.0066
matched,A1,25,3.5294117647058834e-05,pyd,1,1.1111020213414227,5.819175774024465,0.01359519999823533,0.0135;0.0136;0.0143
matched,A1,25,3.5294117647058834e-05,tide,1,1.48499349337313,9.05204573513441,0.0067424,0.0067;0.0067;0.0068
matched,A1,50,1.7647058823529417e-05,ours,1,1.30074164721828,6.3372046234802,0.0090571,0.0090;0.0091;0.0091
matched,A1,50,1.7647058823529417e-05,gcc_native,1,1.30074164721828,6.3372046234802,0.0221353,0.0217;0.0221;0.0223
matched,A1,50,1.7647058823529417e-05,pyd,1,1.3007416472182485,6.337204623480197,0.043571899994276464,0.0436;0.0436;0.0441
matched,A1,50,1.7647058823529417e-05,tide,1,1.5998235023622,9.93395141174691,0.0261878,0.0259;0.0262;0.0264
matched,A1,100,8.823529411764708e-06,ours,1,1.43678694034134,8.01504939299302,0.0334142,0.0332;0.0334;0.0341
matched,A1,100,8.823529411764708e-06,gcc_native,1,1.43678694034134,8.01504939299302,0.0769266,0.0767;0.0769;0.0797
matched,A1,100,8.823529411764708e-06,pyd,1,1.4367869403413864,8.01504939299302,0.15933349999249913,0.1585;0.1593;0.1613
matched,A1,100,8.823529411764708e-06,tide,1,1.58088191701734,9.93395141174691,0.102823,0.1017;0.1028;0.1067
matched,A1,200,4.411764705882354e-06,ours,1,1.50672732697784,9.17507186758915,0.136385,0.1360;0.1364;0.1385
matched,A1,200,4.411764705882354e-06,gcc_native,1,1.50672732697784,9.17507186758915,0.291108,0.2870;0.2911;0.2938
matched,A1,200,4.411764705882354e-06,pyd,1,1.5067273269775585,9.175071867589146,0.6326490999781527,0.6051;0.6326;0.6508
matched,A1,200,4.411764705882354e-06,tide,1,1.57102844765609,9.94283734974377,0.4050925,0.4051;0.4051;0.4053
matched,A1,400,2.205882352941177e-06,ours,1,1.53884160140828,9.58200349782512,0.5328961,0.5317;0.5329;0.5335
matched,A1,400,2.205882352941177e-06,gcc_native,1,1.53884160140828,9.58200349782512,1.1142542,1.0871;1.1143;1.1215
matched,A1,400,2.205882352941177e-06,pyd,1,1.538841601407494,9.58200349782512,2.469841800018912,2.4303;2.4698;2.5202
matched,A1,400,2.205882352941177e-06,tide,1,1.56919774688229,9.94283734974377,1.6141809,1.6002;1.6142;1.6148
matched,A1,800,1.1029411764705886e-06,ours,1,1.55400644486965,9.81327185926683,2.1009174,2.0556;2.1009;2.1283
matched,A1,800,1.1029411764705886e-06,gcc_native,1,1.55400644486965,9.81327185926683,4.4666401,4.3830;4.4666;4.4729
matched,A1,800,1.1029411764705886e-06,pyd,1,1.5540064448708122,9.813271859266834,9.874904299998889,9.6307;9.8749;9.9046
matched,A1,800,1.1029411764705886e-06,tide,1,1.56880679399002,9.97909928507568,6.4117853,6.4023;6.4118;6.4692
matched,A1,1600,5.514705882352943e-07,ours,1,1.56134014349375,9.97842338136756,8.1699902,8.1398;8.1700;8.1992
matched,A1,1600,5.514705882352943e-07,gcc_native,1,1.56134014349375,9.97842338136756,17.735933,17.6185;17.7359;17.8666
matched,A1,1600,5.514705882352943e-07,pyd,1,1.5613401434912206,9.978423381367563,39.21185299998615,39.1244;39.2119;39.2807
matched,A1,1600,5.514705882352943e-07,tide,1,1.56870793750871,10.0296070618907,25.5862042,25.5503;25.5862;25.5938
matched,A2,25,3.0000000000000008e-05,ours,1,0.732029927617772,4.70381050742485,0.0037875,0.0038;0.0038;0.0038
matched,A2,25,3.0000000000000008e-05,gcc_native,1,0.732029927617772,4.70381050742485,0.0091757,0.0091;0.0092;0.0092
matched,A2,25,3.0000000000000008e-05,pyd,1,0.7320299276177501,4.703810507424855,0.01952470000833273,0.0195;0.0195;0.0199
matched,A2,25,3.0000000000000008e-05,tide,1,2.1137092666866,9.97903321726456,0.0066279,0.0066;0.0066;0.0066
matched,A2,50,1.5000000000000004e-05,ours,1,1.34188629629272,9,0.0132922,0.0131;0.0133;0.0134
matched,A2,50,1.5000000000000004e-05,gcc_native,1,1.34188629629272,9,0.0314813,0.0305;0.0315;0.0318
matched,A2,50,1.5000000000000004e-05,pyd,1,1.341886296292711,9.0,0.06372400000691414,0.0630;0.0637;0.0641
matched,A2,50,1.5000000000000004e-05,tide,1,2.00509792135169,9.97903321726456,0.0257175,0.0256;0.0257;0.0259
matched,A2,100,7.500000000000002e-06,ours,1,1.642589845329,9.05788944665674,0.0497416,0.0487;0.0497;0.0509
matched,A2,100,7.500000000000002e-06,gcc_native,1,1.642589845329,9.05788944665674,0.1094953,0.1091;0.1095;0.1116
matched,A2,100,7.500000000000002e-06,pyd,1,1.6425898453290844,9.057889446656745,0.23222470001201145,0.2314;0.2322;0.2341
matched,A2,100,7.500000000000002e-06,tide,1,1.9505053895524,9.98618729133992,0.1036872,0.1018;0.1037;0.1054
matched,A2,200,3.750000000000001e-06,ours,1,1.79046881031889,9.4379132804031,0.2010465,0.1914;0.2010;0.2014
matched,A2,200,3.750000000000001e-06,gcc_native,1,1.79046881031889,9.4379132804031,0.4240217,0.4210;0.4240;0.4298
matched,A2,200,3.750000000000001e-06,pyd,1,1.7904688103189612,9.437913280403102,0.9233148999919649,0.9211;0.9233;0.9313
matched,A2,200,3.750000000000001e-06,tide,1,1.93800016787323,9.98618729133992,0.4009367,0.4006;0.4009;0.4070
matched,A2,400,1.8750000000000005e-06,ours,1,1.86334269809644,9.75700321480099,0.7505857,0.7454;0.7506;0.7607
matched,A2,400,1.8750000000000005e-06,gcc_native,1,1.86334269809644,9.75700321480099,1.6009079,1.5946;1.6009;1.6141
matched,A2,400,1.8750000000000005e-06,pyd,1,1.86334269809789,9.757003214800989,3.680978699994739,3.6526;3.6810;3.7122
matched,A2,400,1.8750000000000005e-06,tide,1,1.93528263440847,9.98618729133992,1.5921853,1.5869;1.5922;1.6010
matched,A2,800,9.375000000000002e-07,ours,1,1.89917632684462,9.92496352109706,3.0419457,3.0348;3.0419;3.0430
matched,A2,800,9.375000000000002e-07,gcc_native,1,1.89917632684462,9.92496352109706,6.4585734,6.4577;6.4586;6.5185
matched,A2,800,9.375000000000002e-07,pyd,1,1.8991763268416209,9.924963521097055,14.509463399997912,14.4198;14.5095;14.5225
matched,A2,800,9.375000000000002e-07,tide,1,1.93462031388458,10.0077679084466,6.4110008,6.3727;6.4110;6.4155
matched,A2,1600,4.687500000000001e-07,ours,1,1.91685825189267,10.0028639145458,11.9973244,11.9816;11.9973;13.3526
matched,A2,1600,4.687500000000001e-07,gcc_native,1,1.91685825189267,10.0028639145458,25.947802,25.9353;25.9478;26.2979
matched,A2,1600,4.687500000000001e-07,pyd,1,1.9168582519024349,10.002863914545848,58.12008500000229,58.0395;58.1201;58.1344
matched,A2,1600,4.687500000000001e-07,tide,1,1.93448536959501,10.0115449215755,25.4959878,25.4670;25.4960;25.5268
matched,A3,25,2.608695652173914e-05,ours,1,1.03844295992336,7,0.0031297,0.0031;0.0031;0.0032
matched,A3,25,2.608695652173914e-05,gcc_native,1,1.03844295992336,7,0.0075412,0.0075;0.0075;0.0076
matched,A3,25,2.608695652173914e-05,pyd,1,1.0384429599233764,7.0,0.01648580000619404,0.0161;0.0165;0.0166
matched,A3,25,2.608695652173914e-05,tide,1,1.9510508443315,8.75635018558307,0.006809,0.0067;0.0068;0.0069
matched,A3,50,1.304347826086957e-05,ours,1,1.59493122343849,8.00136356366377,0.0107726,0.0107;0.0108;0.0110
matched,A3,50,1.304347826086957e-05,gcc_native,1,1.59493122343849,8.00136356366377,0.0243708,0.0242;0.0244;0.0252
matched,A3,50,1.304347826086957e-05,pyd,1,1.59493122343857,8.001363563663766,0.051193299994338304,0.0506;0.0512;0.0513
matched,A3,50,1.304347826086957e-05,tide,1,1.98598239418269,8.90238411811716,0.0261569,0.0261;0.0262;0.0263
matched,A3,100,6.521739130434785e-06,ours,1,1.789879707535,8.21026014821236,0.0398221,0.0394;0.0398;0.0401
matched,A3,100,6.521739130434785e-06,gcc_native,1,1.789879707535,8.21026014821236,0.0882651,0.0870;0.0883;0.0894
matched,A3,100,6.521739130434785e-06,pyd,1,1.789879707535065,8.210260148212356,0.1871102000004612,0.1851;0.1871;0.1893
matched,A3,100,6.521739130434785e-06,tide,1,2.03285449997691,9.68272968984107,0.1014295,0.1005;0.1014;0.1033
matched,A3,200,3.2608695652173923e-06,ours,1,1.91493593171114,9.04616754190567,0.150889,0.1487;0.1509;0.1524
matched,A3,200,3.2608695652173923e-06,gcc_native,1,1.91493593171114,9.04616754190567,0.3284009,0.3237;0.3284;0.3310
matched,A3,200,3.2608695652173923e-06,pyd,1,1.9149359317113583,9.046167541905675,0.7303204000054393,0.7138;0.7303;0.7394
matched,A3,200,3.2608695652173923e-06,tide,1,2.02939963475337,9.723704383787,0.4010902,0.3951;0.4011;0.4022
matched,A3,400,1.6304347826086961e-06,ours,1,1.97458947236444,9.38344475471808,0.5957799,0.5903;0.5958;0.6083
matched,A3,400,1.6304347826086961e-06,gcc_native,1,1.97458947236444,9.38344475471808,1.2754431,1.2505;1.2754;1.2771
matched,A3,400,1.6304347826086961e-06,pyd,1,1.9745894723648243,9.383444754718084,2.884472100005951,2.8551;2.8845;2.8983
matched,A3,400,1.6304347826086961e-06,tide,1,2.0297723463598,9.723704383787,1.5895761,1.5894;1.5896;1.5976
matched,A3,800,8.152173913043481e-07,ours,1,2.00361106856431,9.61131017165273,2.4167532,2.4159;2.4168;2.4314
matched,A3,800,8.152173913043481e-07,gcc_native,1,2.00361106856431,9.61131017165273,5.0899961,5.0557;5.0900;5.1068
matched,A3,800,8.152173913043481e-07,pyd,1,2.0036110685642115,9.611310171652725,11.496781199995894,11.4443;11.4968;11.5211
matched,A3,800,8.152173913043481e-07,tide,1,2.03066065332792,9.723704383787,6.3618408,6.3512;6.3618;6.4078
matched,A3,1600,4.0760869565217404e-07,ours,1,2.01790519072509,9.74138427068049,9.5490477,9.4920;9.5490;9.5573
matched,A3,1600,4.0760869565217404e-07,gcc_native,1,2.01790519072509,9.74138427068049,20.3384979,20.3361;20.3385;20.4589
matched,A3,1600,4.0760869565217404e-07,pyd,1,2.017905190717945,9.741384270680491,45.94608200000948,45.7951;45.9461;46.0707
matched,A3,1600,4.0760869565217404e-07,tide,1,2.03130342548214,9.7365660465778,25.4647205,25.4025;25.4647;25.6302
released,A1,200,8e-07,ours,1,1.49835801589839,9.16450566583371,0.6831181,0.6694;0.6831;0.6868
released,A1,200,8e-07,gcc_native,1,1.49835801589839,9.16450566583371,1.474734,1.4722;1.4747;1.4802
released,A1,200,8e-07,pyd,1,1.4983580158981569,9.164505665833708,3.3277922000270337,3.2803;3.3278;3.3316
released,A2,200,8e-07,ours,1,1.77565736733783,9.40672980404766,0.8859444,0.8797;0.8859;0.8900
released,A2,200,8e-07,gcc_native,1,1.77565736733783,9.40672980404766,1.9356963,1.9091;1.9357;1.9403
released,A2,200,8e-07,pyd,1,1.7756573673377682,9.406729804047664,4.237216600013198,4.2151;4.2372;4.2872
released,A3,200,8e-07,ours,1,1.90119515597182,8.9257815568654,0.6156683,0.5954;0.6157;0.6179
released,A3,200,8e-07,gcc_native,1,1.90119515597182,8.9257815568654,1.3360203,1.3261;1.3360;1.3388
released,A3,200,8e-07,pyd,1,1.9011951559714382,8.925781556865402,2.9123355000047013,2.8905;2.9123;2.9578
