case,impl,grid,threads,Sa,Sz,t_s,t_runs
A1,pyd,1600,1,1.5613401434912206,9.978423381367563,39.144063800020376,38.8657;39.1441;39.5184
A1,pyd,1600,2,1.5613401434912206,9.978423381367563,20.399245399981737,20.2223;20.3992;20.4547
A1,pyd,1600,4,1.5613401434912206,9.978423381367563,11.184917599981418,11.1327;11.1849;11.4551
A1,pyd,1600,8,1.5613401434912206,9.978423381367563,6.123319200007245,6.0245;6.1233;6.1823
A1,pyd,1600,16,1.5613401434912206,9.978423381367563,4.113483799999813,4.1024;4.1135;4.1268
A1,gcc_native,1600,1,1.56134014349375,9.97842338136756,17.8315378,17.8082;17.8315;17.9019
A1,gcc_native,1600,2,1.56134014349375,9.97842338136756,9.2899284,9.2535;9.2899;9.2950
A1,gcc_native,1600,4,1.56134014349375,9.97842338136756,5.2088454,5.1865;5.2088;5.2374
A1,gcc_native,1600,8,1.56134014349375,9.97842338136756,3.1734598,3.1698;3.1735;3.1756
A1,gcc_native,1600,16,1.56134014349375,9.97842338136756,2.6014333,2.5890;2.6014;2.6384
A1,tide,100,1,1.58088191701734,9.93395141174691,0.1034456,0.1028;0.1034;0.1097
A1,tide,100,2,1.58088191701734,9.93395141174691,0.0528139,0.0528;0.0528;0.0533
A1,tide,100,4,1.58088191701734,9.93395141174691,0.0272088,0.0271;0.0272;0.0276
A1,tide,100,8,1.58088191701734,9.93395141174691,0.0145058,0.0145;0.0145;0.0145
A1,tide,100,16,1.58088191701734,9.93395141174691,0.0085247,0.0084;0.0085;0.0101
A1,tide,1600,1,1.56870793750871,10.0296070618907,25.5655188,25.5367;25.5655;25.6711
A1,tide,1600,2,1.56870793750871,10.0296070618907,13.309441,13.2821;13.3094;13.3137
A1,tide,1600,4,1.56870793750871,10.0296070618907,6.7178648,6.6972;6.7179;6.7396
A1,tide,1600,8,1.56870793750871,10.0296070618907,3.4590391,3.4570;3.4590;3.5621
A1,tide,1600,16,1.56870793750871,10.0296070618907,1.8973933,1.8947;1.8974;1.9194
