case,grid_base,n_points,dt,tide_Sa,tide_Sz,tide_t,fsm_Sa,fsm_Sz,fsm_t
A1,25,1326,3.5294117647058834e-05,1.48499349337313,9.05204573513441,0.0066339,1.11110202134142,5.81917577402447,0.0025763
A1,50,5151,1.7647058823529417e-05,1.5998235023622,9.93395141174691,0.0259498,1.30074164721828,6.3372046234802,0.0089781
A1,100,20301,8.823529411764708e-06,1.58088191701734,9.93395141174691,0.0999392,1.43678694034134,8.01504939299302,0.0334184
A1,200,80601,4.411764705882354e-06,1.57102844765609,9.94283734974377,0.3992853,1.50672732697784,9.17507186758915,0.1297988
A1,400,321201,2.205882352941177e-06,1.56919774688229,9.94283734974377,1.5955377,1.53884160140828,9.58200349782512,0.511418
A1,800,1282401,1.1029411764705886e-06,1.56880679399002,9.97909928507568,6.4159642,1.55400644486965,9.81327185926683,2.0284738
A1,1600,5124801,5.514705882352943e-07,1.56870793750871,10.0296070618907,25.4266932,1.56134014349375,9.97842338136756,8.0541411
A2,25,1326,3.0000000000000008e-05,2.1137092666866,9.97903321726456,0.0067252,0.732029927617772,4.70381050742485,0.0037962
A2,50,5151,1.5000000000000004e-05,2.00509792135169,9.97903321726456,0.0257495,1.34188629629272,9,0.0133532
A2,100,20301,7.500000000000002e-06,1.9505053895524,9.98618729133992,0.1010369,1.642589845329,9.05788944665674,0.0493709
A2,200,80601,3.750000000000001e-06,1.93800016787323,9.98618729133992,0.4012894,1.79046881031889,9.4379132804031,0.1865662
A2,400,321201,1.8750000000000005e-06,1.93528263440847,9.98618729133992,1.5981686,1.86334269809644,9.75700321480099,0.7508967
A2,800,1282401,9.375000000000002e-07,1.93462031388458,10.0077679084466,6.393739,1.89917632684462,9.92496352109706,2.9786973
A2,1600,5124801,4.687500000000001e-07,1.93448536959501,10.0115449215755,25.5032707,1.91685825189267,10.0028639145458,11.8778337
A3,25,1326,2.608695652173914e-05,1.9510508443315,8.75635018558307,0.0066856,1.03844295992336,7,0.0030303
A3,50,5151,1.304347826086957e-05,1.98598239418269,8.90238411811716,0.0256091,1.59493122343849,8.00136356366377,0.0106165
A3,100,20301,6.521739130434785e-06,2.03285449997691,9.68272968984107,0.1010451,1.789879707535,8.21026014821236,0.0396264
A3,200,80601,3.2608695652173923e-06,2.02939963475337,9.723704383787,0.3988137,1.91493593171114,9.04616754190567,0.1549008
A3,400,321201,1.6304347826086961e-06,2.0297723463598,9.723704383787,1.6079155,1.97458947236444,9.38344475471808,0.594655
A3,800,1282401,8.152173913043481e-07,2.03066065332792,9.723704383787,6.3513951,2.00361106856431,9.61131017165273,2.3984073
A3,1600,5124801,4.0760869565217404e-07,2.03130342548214,9.7365660465778,25.4672047,2.01790519072509,9.74138427068049,9.4528811
