case,method,grid,r,edge_mult,Sa,Sz,t_s
A1,tide,50,,,1.5998235023622,9.93395141174691,0.0255077
A1,tide,100,,,1.58088191701734,9.93395141174691,0.1012684
A1,tide,200,,,1.57102844765609,9.94283734974377,0.4014475
A1,tide,400,,,1.56919774688229,9.94283734974377,1.6083931
A1,tide,1600,,,1.56870793750871,10.0296070618907,25.3772678
A1,fsm,50,0.1,1,1.38908068803592,7.75046631535747,0.0152606
A1,fsm,50,0.1,2,1.31194911077324,5.32685721591075,0.0253837
A1,fsm,50,0.1,4,1.26624726360822,5.68752956708074,0.0440072
A1,fsm,50,0.1,8,1.2381867881194,5.50689561266171,0.0813433
A1,fsm,50,0.25,1,1.39838626691143,7.75046631535747,0.0063379
A1,fsm,50,0.25,2,1.32627774920328,5.81917577402447,0.0102306
A1,fsm,50,0.25,4,1.28063790877591,5.68752956708074,0.0176103
A1,fsm,50,0.25,8,1.24919748551304,5.51683129596725,0.0328114
A1,fsm,50,0.5,1,1.41212947372253,7.75046631535747,0.0033103
A1,fsm,50,0.5,2,1.35402903062401,6.87869741763591,0.005271
A1,fsm,50,0.5,4,1.30074164721828,6.3372046234802,0.0090511
A1,fsm,50,0.5,8,1.2714205097057,5.86512622071644,0.0163635
A1,fsm,50,0.9,1,1.54944957852599,18.8524962683089,0.0018341
A1,fsm,50,0.9,2,1.39473449376276,6.87869741763591,0.0031103
A1,fsm,50,0.9,4,1.3360259142504,6.45566066971426,0.0051371
A1,fsm,50,0.9,8,1.30664185632136,6.24726717716217,0.0091252
A1,fsm,100,0.1,1,1.52961747291086,8.81917577402447,0.0507638
A1,fsm,100,0.1,2,1.45452032888444,8.73976203481774,0.0888798
A1,fsm,100,0.1,4,1.41973686691254,8.01504939299302,0.1613859
A1,fsm,100,0.1,8,1.40514006257352,7.89908551002583,0.311387
A1,fsm,100,0.25,1,1.53520170720019,8.81917577402447,0.021006
A1,fsm,100,0.25,2,1.46137915991507,8.73976203481774,0.0356843
A1,fsm,100,0.25,4,1.42559638032599,8.01504939299302,0.0647753
A1,fsm,100,0.25,8,1.41192888734328,8.12762198589112,0.1258605
A1,fsm,100,0.5,1,1.54493017137828,8.81917577402447,0.0110416
A1,fsm,100,0.5,2,1.47223398529233,8.73976203481774,0.0187747
A1,fsm,100,0.5,4,1.43678694034134,8.01504939299302,0.0338978
A1,fsm,100,0.5,8,1.42272537318659,8.12762198589112,0.0671324
A1,fsm,100,0.9,1,1.61266889384282,28.6552936736796,0.0063029
A1,fsm,100,0.9,2,1.48803771643095,8.73976203481774,0.0108071
A1,fsm,100,0.9,4,1.45523878674266,8.51683129596725,0.0200662
A1,fsm,100,0.9,8,1.44035944314626,8.37788454502408,0.0386052
A1,fsm,200,0.1,1,1.54319905376964,9.3372046234802,0.1845371
A1,fsm,200,0.1,2,1.5141760677999,9.04256165169659,0.3280487
A1,fsm,200,0.1,4,1.49873965101895,9.16450566583371,0.6124279
A1,fsm,200,0.1,8,1.49121871361095,8.95590750457653,1.2233914
A1,fsm,200,0.25,1,1.54633812662945,9.3372046234802,0.0745508
A1,fsm,200,0.25,2,1.51693147944788,9.04256165169659,0.1355983
A1,fsm,200,0.25,4,1.50157164282166,9.16450566583371,0.2547611
A1,fsm,200,0.25,8,1.49440974684883,8.95590750457653,0.495083
A1,fsm,200,0.5,1,1.55137947807347,9.3372046234802,0.0373787
A1,fsm,200,0.5,2,1.52133768339665,9.04256165169659,0.0679815
A1,fsm,200,0.5,4,1.50672732697784,9.17507186758915,0.1275152
A1,fsm,200,0.5,8,1.49973591843725,9.08169569734696,0.2445465
A1,fsm,200,0.9,1,1.61408584793368,25.2155131122861,0.0210538
A1,fsm,200,0.9,2,1.52941728646302,9.59224802441649,0.0382611
A1,fsm,200,0.9,4,1.51579084411563,9.17507186758915,0.0722261
A1,fsm,200,0.9,8,1.50824536560884,9.24697040525846,0.1386322
A1,fsm,400,0.1,1,1.55771517603581,9.70030928991861,0.6619029
A1,fsm,400,0.1,2,1.54199157119519,9.50902869677872,1.2723149
A1,fsm,400,0.1,4,1.53473064579275,9.50054694119717,2.4765148
A1,fsm,400,0.1,8,1.53112300319912,9.53143079752727,4.8240429
A1,fsm,400,0.25,1,1.55933731144061,9.70030928991861,0.2718752
A1,fsm,400,0.25,2,1.54348180697239,9.50902869677872,0.525509
A1,fsm,400,0.25,4,1.53619979885229,9.58200349782512,1.0066369
A1,fsm,400,0.25,8,1.53262222136601,9.53143079752727,1.9797553
A1,fsm,400,0.5,1,1.56191837185971,9.70030928991861,0.1505877
A1,fsm,400,0.5,2,1.54606786719321,9.50902869677872,0.2674554
A1,fsm,400,0.5,4,1.53884160140828,9.58200349782512,0.5031517
A1,fsm,400,0.5,8,1.53519153715875,9.53396764217906,0.9918927
A1,fsm,400,0.9,1,1.62247849821044,38.2415021638689,0.0809597
A1,fsm,400,0.9,2,1.55001520111998,9.71879041121493,0.1495559
A1,fsm,400,0.9,4,1.54295580002706,9.58200349782512,0.2799171
A1,fsm,400,0.9,8,1.53922682239169,9.53396764217906,0.5832493
A2,tide,50,,,2.00509792135169,9.97903321726456,0.0271357
A2,tide,100,,,1.9505053895524,9.98618729133992,0.1039847
A2,tide,200,,,1.93800016787323,9.98618729133992,0.4024621
A2,tide,400,,,1.93528263440847,9.98618729133992,1.6013273
A2,tide,1600,,,1.93448536959501,10.0115449215755,25.4388388
A2,fsm,50,0.1,1,1.50607781115808,9,0.0223751
A2,fsm,50,0.1,2,1.39259620659267,9,0.0367618
A2,fsm,50,0.1,4,1.28961880303714,9,0.0640517
A2,fsm,50,0.1,8,1.23216360314306,9,0.1213875
A2,fsm,50,0.25,1,1.55318034344946,9,0.0094262
A2,fsm,50,0.25,2,1.4087425013797,9,0.015138
A2,fsm,50,0.25,4,1.30718524264415,9,0.0258792
A2,fsm,50,0.25,8,1.25325528698326,9,0.0488993
A2,fsm,50,0.5,1,1.60967601630762,9,0.004829
A2,fsm,50,0.5,2,1.45616106005493,9,0.0077638
A2,fsm,50,0.5,4,1.34188629629272,9,0.0132125
A2,fsm,50,0.5,8,1.28716946240396,9,0.0248789
A2,fsm,50,0.9,1,1.71308807778655,9,0.0027166
A2,fsm,50,0.9,2,1.53296148270893,9,0.0044245
A2,fsm,50,0.9,4,1.40038703494297,9,0.0075358
A2,fsm,50,0.9,8,1.3495347270485,9,0.0135845
A2,fsm,100,0.1,1,1.78986762481378,9.31344968559743,0.0763566
A2,fsm,100,0.1,2,1.67060642553748,9.07757455086654,0.1324853
A2,fsm,100,0.1,4,1.61149618703159,9.05788944665674,0.2407425
A2,fsm,100,0.1,8,1.58536418314764,9.07218086775396,0.4600787
A2,fsm,100,0.25,1,1.79980119109678,9.31344968559743,0.0317276
A2,fsm,100,0.25,2,1.68286990113488,9.23272726346146,0.0530617
A2,fsm,100,0.25,4,1.62213625275341,9.05788944665674,0.0971117
A2,fsm,100,0.25,8,1.59741677442466,9.07218086775396,0.1896372
A2,fsm,100,0.5,1,1.81101680812032,9.31344968559743,0.0158313
A2,fsm,100,0.5,2,1.69904200247671,9.23272726346146,0.0270999
A2,fsm,100,0.5,4,1.642589845329,9.05788944665674,0.0491493
A2,fsm,100,0.5,8,1.61601582033,9.07218086775396,0.0937779
A2,fsm,100,0.9,1,1.88178032248489,10.8809929789345,0.0088896
A2,fsm,100,0.9,2,1.72877461315454,9.23272726346146,0.0152188
A2,fsm,100,0.9,4,1.67241315096103,9.11577956356668,0.0273899
A2,fsm,100,0.9,8,1.64625600961728,9.10105350662659,0.0532443
A2,fsm,200,0.1,1,1.86110217260374,9.46546536034775,0.2663443
A2,fsm,200,0.1,2,1.80369773136127,9.54032756975264,0.4918057
A2,fsm,200,0.1,4,1.77558771474675,9.40672980404766,0.932162
A2,fsm,200,0.1,8,1.762114093393,9.45418817433873,1.8206956
A2,fsm,200,0.25,1,1.8663811662217,9.46546536034775,0.1093383
A2,fsm,200,0.25,2,1.80892178259907,9.54032756975264,0.2000214
A2,fsm,200,0.25,4,1.78101818906814,9.4379132804031,0.3729595
A2,fsm,200,0.25,8,1.76749246696012,9.45418817433873,0.7388544
A2,fsm,200,0.5,1,1.87555141883783,9.46546536034775,0.0550755
A2,fsm,200,0.5,2,1.81775998492427,9.54032756975264,0.1006032
A2,fsm,200,0.5,4,1.79046881031889,9.4379132804031,0.1918034
A2,fsm,200,0.5,8,1.77668704791841,9.45418817433873,0.373062
A2,fsm,200,0.9,1,1.94501352809385,16.0642196963364,0.0320359
A2,fsm,200,0.9,2,1.8319380441371,9.54032756975264,0.0575313
A2,fsm,200,0.9,4,1.80559128356311,9.50528795882165,0.1082792
A2,fsm,200,0.9,8,1.79182085128368,9.47079346081114,0.2092654
A2,fsm,400,0.1,1,1.89750302591031,9.86841208705479,1.0046932
A2,fsm,400,0.1,2,1.86924925766292,9.73629374967155,1.9131978
A2,fsm,400,0.1,4,1.85610376316075,9.75700321480099,3.7624981
A2,fsm,400,0.1,8,1.84930224989504,9.731044430624,7.2959283
A2,fsm,400,0.25,1,1.90006306090398,9.86841208705479,0.4094686
A2,fsm,400,0.25,2,1.87170851338535,9.73629374967155,0.752815
A2,fsm,400,0.25,4,1.85894992741231,9.75700321480099,1.4682594
A2,fsm,400,0.25,8,1.85204612306485,9.731044430624,2.9319774
A2,fsm,400,0.5,1,1.90433559707777,9.86841208705479,0.2089016
A2,fsm,400,0.5,2,1.8764907678666,9.73629374967155,0.3929776
A2,fsm,400,0.5,4,1.86334269809644,9.75700321480099,0.7637764
A2,fsm,400,0.5,8,1.85651781040073,9.731044430624,1.4737237
A2,fsm,400,0.9,1,1.96114682420511,16.8404737338804,0.1182103
A2,fsm,400,0.9,2,1.88418218291675,9.82292367325731,0.2243517
A2,fsm,400,0.9,4,1.87058238710577,9.77535949849262,0.4173288
A2,fsm,400,0.9,8,1.86390996122538,9.76733836131737,0.8124327
A3,tide,50,,,1.98598239418269,8.90238411811716,0.0259841
A3,tide,100,,,2.03285449997691,9.68272968984107,0.1004281
A3,tide,200,,,2.02939963475337,9.723704383787,0.4223649
A3,tide,400,,,2.0297723463598,9.723704383787,1.6192144
A3,tide,1600,,,2.03130342548214,9.7365660465778,25.3957751
A3,fsm,50,0.1,1,1.85958257838289,9.70561517925361,0.0179153
A3,fsm,50,0.1,2,1.61199484217483,8.42537233064388,0.029819
A3,fsm,50,0.1,4,1.53204159231291,8.00136356366377,0.0523541
A3,fsm,50,0.1,8,1.49152463298651,7.65807961506881,0.0955491
A3,fsm,50,0.25,1,1.87222087111982,9.70561517925361,0.0075407
A3,fsm,50,0.25,2,1.62943782438675,8.42537233064388,0.0121287
A3,fsm,50,0.25,4,1.55837566649794,8.00136356366377,0.0209857
A3,fsm,50,0.25,8,1.51407784038504,7.72692989599477,0.0383208
A3,fsm,50,0.5,1,1.912366210078,9.70561517925361,0.00392
A3,fsm,50,0.5,2,1.6776977789164,8.42537233064388,0.0065212
A3,fsm,50,0.5,4,1.59493122343849,8.00136356366377,0.0106883
A3,fsm,50,0.5,8,1.55026710256525,7.80433129378754,0.0197824
A3,fsm,50,0.9,1,1.98756453341461,9.70561517925361,0.0022144
A3,fsm,50,0.9,2,1.74087526618839,8.42537233064388,0.0035663
A3,fsm,50,0.9,4,1.65835541921523,8.00136356366377,0.0061743
A3,fsm,50,0.9,8,1.61007802694123,7.80433129378754,0.0108967
A3,fsm,100,0.1,1,1.89324315617154,8.55833952589347,0.0608472
A3,fsm,100,0.1,2,1.80384572185572,8.00136356366377,0.1069289
A3,fsm,100,0.1,4,1.7587582359566,7.96521308231967,0.1948421
A3,fsm,100,0.1,8,1.73773865364031,7.84243814855966,0.3654632
A3,fsm,100,0.25,1,1.9034611471681,8.55833952589347,0.0246441
A3,fsm,100,0.25,2,1.81695862893669,8.00136356366377,0.0433847
A3,fsm,100,0.25,4,1.77049231769962,8.21026014821236,0.0781967
A3,fsm,100,0.25,8,1.74932432831096,8.00656599814553,0.1492591
A3,fsm,100,0.5,1,1.92205339946263,8.55833952589347,0.0128782
A3,fsm,100,0.5,2,1.83656993729154,8.00136356366377,0.0215557
A3,fsm,100,0.5,4,1.789879707535,8.21026014821236,0.0404552
A3,fsm,100,0.5,8,1.76905811068195,8.06916842699579,0.0767167
A3,fsm,100,0.9,1,1.9846720048342,9.37584640264643,0.0073616
A3,fsm,100,0.9,2,1.86746561184624,8.64629248731085,0.0124133
A3,fsm,100,0.9,4,1.82004677335087,8.53565387577714,0.0220904
A3,fsm,100,0.9,8,1.79986174671812,8.56228105166856,0.0425292
A3,fsm,200,0.1,1,1.96244545536369,9.11676137297978,0.2136288
A3,fsm,200,0.1,2,1.92059690616906,8.98912761660708,0.3938471
A3,fsm,200,0.1,4,1.90027386825179,8.9257815568654,0.7511018
A3,fsm,200,0.1,8,1.88956786522204,8.86715224182044,1.4553633
A3,fsm,200,0.25,1,1.96872599622591,9.11676137297978,0.0875991
A3,fsm,200,0.25,2,1.92611336339624,8.98912761660708,0.1577354
A3,fsm,200,0.25,4,1.90561044036499,8.9257815568654,0.3001561
A3,fsm,200,0.25,8,1.89514026225247,8.89422544557161,0.5910965
A3,fsm,200,0.5,1,1.9785449976517,9.11676137297978,0.0446725
A3,fsm,200,0.5,2,1.93507763903978,9.22101102198081,0.0810488
A3,fsm,200,0.5,4,1.91493593171114,9.04616754190567,0.1534914
A3,fsm,200,0.5,8,1.90453712347205,8.95343155844618,0.2975326
A3,fsm,200,0.9,1,2.00896662696777,9.64609181177988,0.0253256
A3,fsm,200,0.9,2,1.94998272920187,9.22101102198081,0.0461169
A3,fsm,200,0.9,4,1.93045274354398,9.04616754190567,0.087866
A3,fsm,200,0.9,8,1.91958480560279,9.01354925221953,0.1671442
A3,fsm,400,0.1,1,1.99840969453653,9.5011635532044,0.8092931
A3,fsm,400,0.1,2,1.97764610762722,9.32944197883145,1.5011096
A3,fsm,400,0.1,4,1.96716269486266,9.38344475471808,2.9643159
A3,fsm,400,0.1,8,1.96206597933704,9.34274375123,5.8761083
A3,fsm,400,0.25,1,2.00106917158737,9.5011635532044,0.3424623
A3,fsm,400,0.25,2,1.98038138707547,9.32944197883145,0.6246843
A3,fsm,400,0.25,4,1.97000235039165,9.38344475471808,1.191444
A3,fsm,400,0.25,8,1.96485388459678,9.34274375123,2.3566988
A3,fsm,400,0.5,1,2.00586865156918,9.5011635532044,0.1705015
A3,fsm,400,0.5,2,1.98496653673547,9.42923315110755,0.3131105
A3,fsm,400,0.5,4,1.97458947236444,9.38344475471808,0.6061438
A3,fsm,400,0.5,8,1.96944013196829,9.34498200970957,1.1762308
A3,fsm,400,0.9,1,2.02992372747971,15.1578110199093,0.0967911
A3,fsm,400,0.9,2,1.99244315847587,9.42923315110755,0.1779676
A3,fsm,400,0.9,4,1.98185294459255,9.393400490873,0.341414
A3,fsm,400,0.9,8,1.97676748021274,9.37551718531037,0.6456678
