case,grid_base,dt,regime,ratio,fsm_Sa,fsm_Sz,fsm_t,tide_Sa,tide_Sz,tide_t,frac_above_2um,n_above_2um,max_above,n_points
A1,25,8e-07,released,0.011333333333333329,1.03851681239711,4.16329321852948,0.1102639,1.48499349337313,9.05204573513441,0.0068186,0.0,0,0.9548619846793116,1326
A1,25,3.5294117647058834e-05,matched,0.5,1.11110202134142,5.81917577402447,0.0025991,1.48499349337313,9.05204573513441,0.0068186,0.0,0,1.6596168105590365,1326
A1,50,8e-07,released,0.022666666666666658,1.26198416402223,5.68752956708074,0.1955623,1.5998235023622,9.93395141174691,0.026316,0.0,0,0.8227860951617316,5151
A1,50,1.7647058823529417e-05,matched,0.5,1.30074164721828,6.3372046234802,0.0090911,1.5998235023622,9.93395141174691,0.026316,0.0,0,1.3113888231703896,5151
A1,100,8e-07,released,0.045333333333333316,1.4171339400544,8.01504939299302,0.3627267,1.58088191701734,9.93395141174691,0.1040841,0.0,0,0.49437498111526423,20301
A1,100,8.823529411764708e-06,matched,0.5,1.43678694034134,8.01504939299302,0.0340459,1.58088191701734,9.93395141174691,0.1040841,0.0,0,0.8751769972095147,20301
A1,200,8e-07,released,0.09066666666666663,1.49835801589839,9.16450566583371,0.7198884,1.57102844765609,9.94283734974377,0.4101975,0.0,0,0.3050332199343586,80601
A1,200,4.411764705882354e-06,matched,0.5,1.50672732697784,9.17507186758915,0.1387408,1.57102844765609,9.94283734974377,0.4101975,0.0,0,0.515337858918663,80601
A1,400,8e-07,released,0.18133333333333326,1.53551242481517,9.58200349782512,1.4960667,1.56919774688229,9.94283734974377,1.6448855,0.0,0,0.17766581426759132,321201
A1,400,2.205882352941177e-06,matched,0.5,1.53884160140828,9.58200349782512,0.5028632,1.56919774688229,9.94283734974377,1.6448855,0.0,0,0.28048574187344855,321201
A1,800,8e-07,released,0.3626666666666665,1.55331587298091,9.81327185926683,2.8618325,1.56880679399002,9.97909928507568,6.4645688,0.0,0,0.11848483980791968,1282401
A1,800,1.1029411764705886e-06,matched,0.5,1.55400644486965,9.81327185926683,2.011024,1.56880679399002,9.97909928507568,6.4645688,0.0,0,0.14854987703927236,1282401
A1,1600,8e-07,released,0.725333333333333,1.56191575736017,9.97842338136756,5.6525688,1.56870793750871,10.0296070618907,25.7304975,0.0,0,0.09607803856681585,5124801
A1,1600,5.514705882352943e-07,matched,0.5,1.56134014349375,9.97842338136756,8.1638439,1.56870793750871,10.0296070618907,25.7304975,0.0,0,0.0764305272573651,5124801
A2,25,8e-07,released,0.01333333333333333,0.625477281042323,4.70381050742485,0.1408647,2.1137092666866,9.97903321726456,0.0067713,0.0,0,1.5114787058854162,1326
A2,25,3.0000000000000008e-05,matched,0.5,0.732029927617772,4.70381050742485,0.0038367,2.1137092666866,9.97903321726456,0.0067713,0.0,0,1.5114787058854162,1326
A2,50,8e-07,released,0.02666666666666666,1.2791128447157,9,0.2477296,2.00509792135169,9.97903321726456,0.0257524,0.0,0,0.9646528293254519,5151
A2,50,1.5000000000000004e-05,matched,0.5,1.34188629629272,9,0.0134457,2.00509792135169,9.97903321726456,0.0257524,0.0,0,1.7706158324664045,5151
A2,100,8e-07,released,0.05333333333333332,1.6089741075502,9.05788944665674,0.4599318,1.9505053895524,9.98618729133992,0.1017511,0.0,0,0.5398572740507035,20301
A2,100,7.500000000000002e-06,matched,0.5,1.642589845329,9.05788944665674,0.0493366,1.9505053895524,9.98618729133992,0.1017511,0.0,0,0.9359833178006483,20301
A2,200,8e-07,released,0.10666666666666665,1.77565736733783,9.40672980404766,0.8985999,1.93800016787323,9.98618729133992,0.4001754,0.0,0,0.3529718586978703,80601
A2,200,3.750000000000001e-06,matched,0.5,1.79046881031889,9.4379132804031,0.1902613,1.93800016787323,9.98618729133992,0.4001754,0.0,0,0.5615714723736787,80601
A2,400,8e-07,released,0.2133333333333333,1.85828431597038,9.75700321480099,1.7456648,1.93528263440847,9.98618729133992,1.6009182,0.0,0,0.19849666012383693,321201
A2,400,1.8750000000000005e-06,matched,0.5,1.86334269809644,9.75700321480099,0.7525637,1.93528263440847,9.98618729133992,1.6009182,0.0,0,0.2799291474238075,321201
A2,800,8e-07,released,0.4266666666666666,1.89850752640976,9.90154461158054,3.5141116,1.93462031388458,10.0077679084466,6.4046036,0.0,0,0.13758615477321712,1282401
A2,800,9.375000000000002e-07,matched,0.5,1.89917632684462,9.92496352109706,3.0440387,1.93462031388458,10.0077679084466,6.4046036,0.0,0,0.15843737793819201,1282401
A2,1600,8e-07,released,0.8533333333333332,1.91843826327488,10.0028639145458,7.2043625,1.93448536959501,10.0115449215755,25.5653902,0.0,0,0.10875877667704259,5124801
A2,1600,4.687500000000001e-07,matched,0.5,1.91685825189267,10.0028639145458,12.0763459,1.93448536959501,10.0115449215755,25.5653902,0.0,0,0.07799337658465078,5124801
A3,25,8e-07,released,0.015333333333333329,0.901559885889489,7,0.0983505,1.9510508443315,8.75635018558307,0.0068242,0.0,0,1.446843715579682,1326
A3,25,2.608695652173914e-05,matched,0.5,1.03844295992336,7,0.003064,1.9510508443315,8.75635018558307,0.0068242,0.0022624434389140274,3,2.4048718357274623,1326
A3,50,8e-07,released,0.030666666666666658,1.51910070314246,7.88187498065029,0.1723709,1.98598239418269,8.90238411811716,0.0258235,0.0,0,0.8489478887385715,5151
A3,50,1.304347826086957e-05,matched,0.5,1.59493122343849,8.00136356366377,0.0105453,1.98598239418269,8.90238411811716,0.0258235,0.0,0,1.705361410812678,5151
A3,100,8e-07,released,0.061333333333333316,1.75560466247895,7.96521308231967,0.3222527,2.03285449997691,9.68272968984107,0.1012645,0.0,0,0.4984932978109313,20301
A3,100,6.521739130434785e-06,matched,0.5,1.789879707535,8.21026014821236,0.0393872,2.03285449997691,9.68272968984107,0.1012645,0.0,0,0.9934673326732479,20301
A3,200,8e-07,released,0.12266666666666663,1.90119515597182,8.9257815568654,0.6217505,2.02939963475337,9.723704383787,0.4075054,0.0,0,0.28331643176748855,80601
A3,200,3.2608695652173923e-06,matched,0.5,1.91493593171114,9.04616754190567,0.1531673,2.02939963475337,9.723704383787,0.4075054,0.0,0,0.4921159299193789,80601
A3,400,8e-07,released,0.24533333333333326,1.96994126040404,9.38344475471808,1.2060587,2.0297723463598,9.723704383787,1.5954592,0.0,0,0.1927294593864204,321201
A3,400,1.6304347826086961e-06,matched,0.5,1.97458947236444,9.38344475471808,0.6400371,2.0297723463598,9.723704383787,1.5954592,0.0,0,0.25946882829686047,321201
A3,800,8e-07,released,0.49066666666666653,2.00353367614315,9.61131017165273,2.4534725,2.03066065332792,9.723704383787,6.3766556,0.0,0,0.1378097903543818,1282401
A3,800,8.152173913043481e-07,matched,0.5,2.00361106856431,9.61131017165273,2.3950042,2.03066065332792,9.723704383787,6.3766556,0.0,0,0.13856166524117697,1282401
A3,1600,8e-07,released,0.9813333333333331,2.0203615491356,12.0769410847034,5.0854187,2.03130342548214,9.7365660465778,25.4788817,4.000155323104253e-05,205,6.737720931849871,5124801
A3,1600,4.0760869565217404e-07,matched,0.5,2.01790519072509,9.74138427068049,9.5041371,2.03130342548214,9.7365660465778,25.4788817,0.0,0,0.07116475368018627,5124801
