core,fz,vc,ap,Sa,t_s
TIDE-25,0.15,120,0.3,0.231358474372903,0.0070816
TIDE-25,0.15,120,0.7,0.231358474372903,0.0066732
TIDE-25,0.15,195,0.3,0.231358474372906,0.0069265
TIDE-25,0.15,195,0.7,0.231358474372906,0.0067539
TIDE-25,0.15,270,0.3,0.231358474372903,0.0067321
TIDE-25,0.15,270,0.7,0.231358474372903,0.0067444
TIDE-25,0.25,120,0.3,0.583451122757615,0.0070611
TIDE-25,0.25,120,0.7,0.583451122757615,0.006734
TIDE-25,0.25,195,0.3,0.58345112275762,0.0067408
TIDE-25,0.25,195,0.7,0.58345112275762,0.0072419
TIDE-25,0.25,270,0.3,0.583451122757612,0.0067251
TIDE-25,0.25,270,0.7,0.583451122757612,0.0067384
TIDE-25,0.35,120,0.3,0.944151860496914,0.0067079
TIDE-25,0.35,120,0.7,0.944151860496914,0.006713
TIDE-25,0.35,195,0.3,0.944151860496913,0.0070558
TIDE-25,0.35,195,0.7,0.944151860496913,0.0068648
TIDE-25,0.35,270,0.3,0.944151860496916,0.0067074
TIDE-25,0.35,270,0.7,0.944151860496916,0.0067494
TIDE-25,0.45,120,0.3,1.22685884903349,0.0067996
TIDE-25,0.45,120,0.7,1.22685884903349,0.0067865
TIDE-25,0.45,195,0.3,1.22685884903349,0.0066777
TIDE-25,0.45,195,0.7,1.22685884903349,0.0071937
TIDE-25,0.45,270,0.3,1.2268588490335,0.0066987
TIDE-25,0.45,270,0.7,1.2268588490335,0.0066985
TIDE-25,0.55,120,0.3,1.53702256387317,0.0066753
TIDE-25,0.55,120,0.7,1.53702256387317,0.0066654
TIDE-25,0.55,195,0.3,1.53702256387318,0.0066973
TIDE-25,0.55,195,0.7,1.53702256387318,0.0067064
TIDE-25,0.55,270,0.3,1.53702256387317,0.0066715
TIDE-25,0.55,270,0.7,1.53702256387317,0.0066884
TIDE-25,0.65,120,0.3,1.73474586423911,0.0067519
TIDE-25,0.65,120,0.7,1.73474586423911,0.0066918
TIDE-25,0.65,195,0.3,1.73474586423911,0.0067162
TIDE-25,0.65,195,0.7,1.73474586423911,0.0066847
TIDE-25,0.65,270,0.3,1.73474586423912,0.006665
TIDE-25,0.65,270,0.7,1.73474586423912,0.0066691
TIDE-50,0.15,120,0.3,0.22278982087232,0.0260463
TIDE-50,0.15,120,0.7,0.22278982087232,0.0259986
TIDE-50,0.15,195,0.3,0.222789820872318,0.0255531
TIDE-50,0.15,195,0.7,0.222789820872318,0.0261818
TIDE-50,0.15,270,0.3,0.22278982087232,0.0257183
TIDE-50,0.15,270,0.7,0.22278982087232,0.0259683
TIDE-50,0.25,120,0.3,0.593765070179173,0.0256569
TIDE-50,0.25,120,0.7,0.593765070179173,0.0255514
TIDE-50,0.25,195,0.3,0.593765070179181,0.0261105
TIDE-50,0.25,195,0.7,0.593765070179181,0.025597
TIDE-50,0.25,270,0.3,0.593765070179179,0.0256508
TIDE-50,0.25,270,0.7,0.593765070179179,0.0259427
TIDE-50,0.35,120,0.3,0.963974396011165,0.0258732
TIDE-50,0.35,120,0.7,0.963974396011165,0.0257226
TIDE-50,0.35,195,0.3,0.963974396011168,0.0256311
TIDE-50,0.35,195,0.7,0.963974396011168,0.0256402
TIDE-50,0.35,270,0.3,0.963974396011168,0.0259765
TIDE-50,0.35,270,0.7,0.963974396011168,0.0255234
TIDE-50,0.45,120,0.3,1.22698838573791,0.0257009
TIDE-50,0.45,120,0.7,1.22698838573791,0.0254939
TIDE-50,0.45,195,0.3,1.22698838573791,0.0260831
TIDE-50,0.45,195,0.7,1.22698838573791,0.0259757
TIDE-50,0.45,270,0.3,1.22698838573791,0.0255905
TIDE-50,0.45,270,0.7,1.22698838573791,0.025468
TIDE-50,0.55,120,0.3,1.52153933040226,0.0255354
TIDE-50,0.55,120,0.7,1.52153933040226,0.0256841
TIDE-50,0.55,195,0.3,1.52153933040226,0.026356
TIDE-50,0.55,195,0.7,1.52153933040226,0.0255616
TIDE-50,0.55,270,0.3,1.52153933040226,0.0256491
TIDE-50,0.55,270,0.7,1.52153933040226,0.0255623
TIDE-50,0.65,120,0.3,1.74716789674758,0.02577
TIDE-50,0.65,120,0.7,1.74716789674758,0.0263991
TIDE-50,0.65,195,0.3,1.74716789674758,0.0257474
TIDE-50,0.65,195,0.7,1.74716789674758,0.0258753
TIDE-50,0.65,270,0.3,1.74716789674758,0.0257056
TIDE-50,0.65,270,0.7,1.74716789674758,0.0255404
TIDE-100,0.15,120,0.3,0.225606631313904,0.1014294
TIDE-100,0.15,120,0.7,0.225606631313904,0.1008765
TIDE-100,0.15,195,0.3,0.225606631313904,0.1010869
TIDE-100,0.15,195,0.7,0.225606631313904,0.1015308
TIDE-100,0.15,270,0.3,0.225606631313903,0.102293
TIDE-100,0.15,270,0.7,0.225606631313903,0.1016382
TIDE-100,0.25,120,0.3,0.598147828276999,0.1007172
TIDE-100,0.25,120,0.7,0.598147828276999,0.1012927
TIDE-100,0.25,195,0.3,0.598147828277,0.1006755
TIDE-100,0.25,195,0.7,0.598147828277,0.10041
TIDE-100,0.25,270,0.3,0.598147828276998,0.1010439
TIDE-100,0.25,270,0.7,0.598147828276998,0.1004942
TIDE-100,0.35,120,0.3,0.965584428016263,0.1004373
TIDE-100,0.35,120,0.7,0.965584428016263,0.1033236
TIDE-100,0.35,195,0.3,0.965584428016264,0.1008829
TIDE-100,0.35,195,0.7,0.965584428016264,0.1004355
TIDE-100,0.35,270,0.3,0.965584428016263,0.10191
TIDE-100,0.35,270,0.7,0.965584428016263,0.1003563
TIDE-100,0.45,120,0.3,1.23223230857775,0.1009103
TIDE-100,0.45,120,0.7,1.23223230857775,0.1013388
TIDE-100,0.45,195,0.3,1.23223230857775,0.1007958
TIDE-100,0.45,195,0.7,1.23223230857775,0.1013667
TIDE-100,0.45,270,0.3,1.23223230857775,0.1012724
TIDE-100,0.45,270,0.7,1.23223230857775,0.1012357
TIDE-100,0.55,120,0.3,1.52236782721364,0.1017474
TIDE-100,0.55,120,0.7,1.52236782721364,0.1050565
TIDE-100,0.55,195,0.3,1.52236782721364,0.1059601
TIDE-100,0.55,195,0.7,1.52236782721364,0.1068616
TIDE-100,0.55,270,0.3,1.52236782721364,0.1023429
TIDE-100,0.55,270,0.7,1.52236782721364,0.1008391
TIDE-100,0.65,120,0.3,1.74898347616712,0.1004818
TIDE-100,0.65,120,0.7,1.74898347616712,0.1009575
TIDE-100,0.65,195,0.3,1.74898347616712,0.1016645
TIDE-100,0.65,195,0.7,1.74898347616712,0.1006744
TIDE-100,0.65,270,0.3,1.74898347616713,0.1002339
TIDE-100,0.65,270,0.7,1.74898347616713,0.1000985
TIDE-200,0.15,120,0.3,0.248923569863416,0.3996236
TIDE-200,0.15,120,0.7,0.248923569863416,0.4035734
TIDE-200,0.15,195,0.3,0.248923569863414,0.3999538
TIDE-200,0.15,195,0.7,0.248923569863414,0.4041925
TIDE-200,0.15,270,0.3,0.248923569863424,0.4028654
TIDE-200,0.15,270,0.7,0.248923569863424,0.4061806
TIDE-200,0.25,120,0.3,0.613566860839513,0.4009021
TIDE-200,0.25,120,0.7,0.613566860839513,0.4005644
TIDE-200,0.25,195,0.3,0.613566860839513,0.3990755
TIDE-200,0.25,195,0.7,0.613566860839513,0.4019301
TIDE-200,0.25,270,0.3,0.613566860839513,0.4013808
TIDE-200,0.25,270,0.7,0.613566860839513,0.4035918
TIDE-200,0.35,120,0.3,0.976674515851775,0.4006071
TIDE-200,0.35,120,0.7,0.976674515851775,0.3995435
TIDE-200,0.35,195,0.3,0.976674515851776,0.4065479
TIDE-200,0.35,195,0.7,0.976674515851776,0.3995253
TIDE-200,0.35,270,0.3,0.976674515851772,0.4011061
TIDE-200,0.35,270,0.7,0.976674515851772,0.4063679
TIDE-200,0.45,120,0.3,1.24197487445854,0.4006386
TIDE-200,0.45,120,0.7,1.24197487445854,0.4045462
TIDE-200,0.45,195,0.3,1.24197487445854,0.4053534
TIDE-200,0.45,195,0.7,1.24197487445854,0.4019739
TIDE-200,0.45,270,0.3,1.24197487445854,0.4017516
TIDE-200,0.45,270,0.7,1.24197487445854,0.3992358
TIDE-200,0.55,120,0.3,1.53230476781055,0.4015468
TIDE-200,0.55,120,0.7,1.53230476781055,0.3981705
TIDE-200,0.55,195,0.3,1.53230476781055,0.398131
TIDE-200,0.55,195,0.7,1.53230476781055,0.3976512
TIDE-200,0.55,270,0.3,1.53230476781055,0.3979271
TIDE-200,0.55,270,0.7,1.53230476781055,0.4002609
TIDE-200,0.65,120,0.3,1.75586055651071,0.3998786
TIDE-200,0.65,120,0.7,1.75586055651071,0.3990594
TIDE-200,0.65,195,0.3,1.75586055651071,0.3967139
TIDE-200,0.65,195,0.7,1.75586055651071,0.398969
TIDE-200,0.65,270,0.3,1.75586055651071,0.3993873
TIDE-200,0.65,270,0.7,1.75586055651071,0.3972602
FSM-50,0.15,120,0.3,0.0554807838206377,0.0355568
FSM-50,0.15,120,0.7,0.0678912726205989,0.0356733
FSM-50,0.15,195,0.3,0.0554807838206377,0.0356425
FSM-50,0.15,195,0.7,0.0678912726205989,0.0353705
FSM-50,0.15,270,0.3,0.0554807838206377,0.0344561
FSM-50,0.15,270,0.7,0.0678912726205989,0.0352911
FSM-50,0.25,120,0.3,0.29726771989507,0.0208849
FSM-50,0.25,120,0.7,0.320466021274439,0.0210295
FSM-50,0.25,195,0.3,0.29726771989507,0.0212672
FSM-50,0.25,195,0.7,0.320466021274439,0.0209533
FSM-50,0.25,270,0.3,0.29726771989507,0.0212957
FSM-50,0.25,270,0.7,0.320466021274439,0.0211762
FSM-50,0.35,120,0.3,0.652673200790682,0.0152747
FSM-50,0.35,120,0.7,0.681610305920402,0.0152375
FSM-50,0.35,195,0.3,0.652673200790682,0.0150804
FSM-50,0.35,195,0.7,0.681610305920402,0.0153667
FSM-50,0.35,270,0.3,0.652673200790682,0.0152158
FSM-50,0.35,270,0.7,0.681610305920402,0.015124
FSM-50,0.45,120,0.3,0.920696323871235,0.0118168
FSM-50,0.45,120,0.7,0.942885160183152,0.0118957
FSM-50,0.45,195,0.3,0.920696323871235,0.0119864
FSM-50,0.45,195,0.7,0.942885160183152,0.0119007
FSM-50,0.45,270,0.3,0.920696323871235,0.0118519
FSM-50,0.45,270,0.7,0.942885160183152,0.0121156
FSM-50,0.55,120,0.3,1.20035038229139,0.0097111
FSM-50,0.55,120,0.7,1.22923227953945,0.0097771
FSM-50,0.55,195,0.3,1.20035038229139,0.0098034
FSM-50,0.55,195,0.7,1.22923227953945,0.0098077
FSM-50,0.55,270,0.3,1.20035038229139,0.0096877
FSM-50,0.55,270,0.7,1.22923227953945,0.0096901
FSM-50,0.65,120,0.3,1.46630447131727,0.0083573
FSM-50,0.65,120,0.7,1.48792040434911,0.008283
FSM-50,0.65,195,0.3,1.46630447131727,0.0083113
FSM-50,0.65,195,0.7,1.48792040434911,0.0082747
FSM-50,0.65,270,0.3,1.46630447131727,0.0083201
FSM-50,0.65,270,0.7,1.48792040434911,0.0082867
FSM-100,0.15,120,0.3,0.155391897954421,0.1315259
FSM-100,0.15,120,0.7,0.164895519008107,0.1326624
FSM-100,0.15,195,0.3,0.155391897954421,0.1307032
FSM-100,0.15,195,0.7,0.164895519008107,0.131079
FSM-100,0.15,270,0.3,0.155391897954421,0.1322584
FSM-100,0.15,270,0.7,0.164895519008107,0.1321352
FSM-100,0.25,120,0.3,0.469614630781846,0.0795213
FSM-100,0.25,120,0.7,0.484683887815352,0.0797692
FSM-100,0.25,195,0.3,0.469614630781846,0.0788442
FSM-100,0.25,195,0.7,0.484683887815352,0.0789106
FSM-100,0.25,270,0.3,0.469614630781846,0.0782089
FSM-100,0.25,270,0.7,0.484683887815352,0.0802179
FSM-100,0.35,120,0.3,0.832367164009435,0.0557626
FSM-100,0.35,120,0.7,0.847726860803828,0.0559592
FSM-100,0.35,195,0.3,0.832367164009435,0.0573637
FSM-100,0.35,195,0.7,0.847726860803828,0.0566262
FSM-100,0.35,270,0.3,0.832367164009435,0.0562363
FSM-100,0.35,270,0.7,0.847726860803828,0.056504
FSM-100,0.45,120,0.3,1.0971417398378,0.0445871
FSM-100,0.45,120,0.7,1.11268707880506,0.0444045
FSM-100,0.45,195,0.3,1.0971417398378,0.044141
FSM-100,0.45,195,0.7,1.11268707880506,0.0447147
FSM-100,0.45,270,0.3,1.0971417398378,0.0445049
FSM-100,0.45,270,0.7,1.11268707880506,0.0444515
FSM-100,0.55,120,0.3,1.38465681989192,0.0366501
FSM-100,0.55,120,0.7,1.39772960110363,0.0359405
FSM-100,0.55,195,0.3,1.38465681989192,0.0365501
FSM-100,0.55,195,0.7,1.39772960110363,0.0367574
FSM-100,0.55,270,0.3,1.38465681989192,0.0363008
FSM-100,0.55,270,0.7,1.39772960110363,0.0355185
FSM-100,0.65,120,0.3,1.62242993785803,0.0311116
FSM-100,0.65,120,0.7,1.63615898276372,0.0306214
FSM-100,0.65,195,0.3,1.62242993785803,0.0310107
FSM-100,0.65,195,0.7,1.63615898276372,0.0312093
FSM-100,0.65,270,0.3,1.62242993785803,0.031359
FSM-100,0.65,270,0.7,1.63615898276372,0.0319374
FSM-200,0.15,120,0.3,0.182792277990584,0.4979091
FSM-200,0.15,120,0.7,0.187707249239514,0.5291142
FSM-200,0.15,195,0.3,0.182792277990584,0.4966744
FSM-200,0.15,195,0.7,0.187707249239514,0.4947938
FSM-200,0.15,270,0.3,0.182792277990584,0.5060979
FSM-200,0.15,270,0.7,0.187707249239514,0.5094142
FSM-200,0.25,120,0.3,0.530070443530197,0.299913
FSM-200,0.25,120,0.7,0.53763920121642,0.3071429
FSM-200,0.25,195,0.3,0.530070443530197,0.3021724
FSM-200,0.25,195,0.7,0.53763920121642,0.3026046
FSM-200,0.25,270,0.3,0.530070443530197,0.2999353
FSM-200,0.25,270,0.7,0.53763920121642,0.3089512
FSM-200,0.35,120,0.3,0.899164929017517,0.2175284
FSM-200,0.35,120,0.7,0.905567671378589,0.221189
FSM-200,0.35,195,0.3,0.899164929017517,0.221472
FSM-200,0.35,195,0.7,0.905567671378589,0.2187721
FSM-200,0.35,270,0.3,0.899164929017517,0.2187927
FSM-200,0.35,270,0.7,0.905567671378589,0.2171411
FSM-200,0.45,120,0.3,1.16442680421317,0.1687434
FSM-200,0.45,120,0.7,1.17104458865721,0.1698571
FSM-200,0.45,195,0.3,1.16442680421317,0.1692807
FSM-200,0.45,195,0.7,1.17104458865721,0.1669855
FSM-200,0.45,270,0.3,1.16442680421317,0.1691471
FSM-200,0.45,270,0.7,1.17104458865721,0.1726476
FSM-200,0.55,120,0.3,1.45163059949024,0.140612
FSM-200,0.55,120,0.7,1.45894689324752,0.1420295
FSM-200,0.55,195,0.3,1.45163059949024,0.1407866
FSM-200,0.55,195,0.7,1.45894689324752,0.1405898
FSM-200,0.55,270,0.3,1.45163059949024,0.1394804
FSM-200,0.55,270,0.7,1.45894689324752,0.1377296
FSM-200,0.65,120,0.3,1.68667122765942,0.119021
FSM-200,0.65,120,0.7,1.69239745914952,0.1203074
FSM-200,0.65,195,0.3,1.68667122765942,0.115491
FSM-200,0.65,195,0.7,1.69239745914952,0.1167125
FSM-200,0.65,270,0.3,1.68667122765942,0.1198087
FSM-200,0.65,270,0.7,1.69239745914952,0.1197183
FSM-400,0.15,120,0.3,0.213247213801511,2.0309476
FSM-400,0.15,120,0.7,0.215746274930989,2.0107765
FSM-400,0.15,195,0.3,0.213247213801511,1.9733914
FSM-400,0.15,195,0.7,0.215746274930989,1.9810803
FSM-400,0.15,270,0.3,0.213247213801511,1.9758062
FSM-400,0.15,270,0.7,0.215746274930989,2.0542786
FSM-400,0.25,120,0.3,0.571700317380718,1.2013405
FSM-400,0.25,120,0.7,0.575044137311291,1.21587
FSM-400,0.25,195,0.3,0.571700317380718,1.2018477
FSM-400,0.25,195,0.7,0.575044137311291,1.1905386
FSM-400,0.25,270,0.3,0.571700317380718,1.1987043
FSM-400,0.25,270,0.7,0.575044137311291,1.1888255
FSM-400,0.35,120,0.3,0.93731525676463,0.844538
FSM-400,0.35,120,0.7,0.94048064018238,0.8637465
FSM-400,0.35,195,0.3,0.93731525676463,0.8525532
FSM-400,0.35,195,0.7,0.94048064018238,0.8572032
FSM-400,0.35,270,0.3,0.93731525676463,0.8678707
FSM-400,0.35,270,0.7,0.94048064018238,0.885229
FSM-400,0.45,120,0.3,1.20357664922367,0.6574255
FSM-400,0.45,120,0.7,1.20695718564559,0.6818895
FSM-400,0.45,195,0.3,1.20357664922367,0.675785
FSM-400,0.45,195,0.7,1.20695718564559,0.6788607
FSM-400,0.45,270,0.3,1.20357664922367,0.6620704
FSM-400,0.45,270,0.7,1.20695718564559,0.6806235
FSM-400,0.55,120,0.3,1.49241374054237,0.5577004
FSM-400,0.55,120,0.7,1.49579622174631,0.5590577
FSM-400,0.55,195,0.3,1.49241374054237,0.5524222
FSM-400,0.55,195,0.7,1.49579622174631,0.5472055
FSM-400,0.55,270,0.3,1.49241374054237,0.5506077
FSM-400,0.55,270,0.7,1.49579622174631,0.5574743
FSM-400,0.65,120,0.3,1.72157318286982,0.4853858
FSM-400,0.65,120,0.7,1.72476055308395,0.4717474
FSM-400,0.65,195,0.3,1.72157318286982,0.4568973
FSM-400,0.65,195,0.7,1.72476055308395,0.4952697
FSM-400,0.65,270,0.3,1.72157318286982,0.463752
FSM-400,0.65,270,0.7,1.72476055308395,0.4560147
FSM-200 released,0.15,120,0.3,0.17604728621681,3.8693317
FSM-200 released,0.15,120,0.7,0.180934481570114,3.8972071
FSM-200 released,0.15,195,0.3,0.176588298445049,2.3680242
FSM-200 released,0.15,195,0.7,0.181484453546487,2.4199096
FSM-200 released,0.15,270,0.3,0.177250000251213,1.7021551
FSM-200 released,0.15,270,0.7,0.182128715867183,1.7454965
FSM-200 released,0.25,120,0.3,0.519073323408419,2.3570689
FSM-200 released,0.25,120,0.7,0.526675651063212,2.3089233
FSM-200 released,0.25,195,0.3,0.520001151332898,1.4403835
FSM-200 released,0.25,195,0.7,0.527550160164561,1.416129
FSM-200 released,0.25,270,0.3,0.52101460696254,1.0408302
FSM-200 released,0.25,270,0.7,0.528680349932347,1.038946
FSM-200 released,0.35,120,0.3,0.888911029397609,1.6709963
FSM-200 released,0.35,120,0.7,0.895034566328677,1.6593327
FSM-200 released,0.35,195,0.3,0.889846000821928,1.0230227
FSM-200 released,0.35,195,0.7,0.895907467752868,1.0316142
FSM-200 released,0.35,270,0.3,0.890818934156292,0.7434831
FSM-200 released,0.35,270,0.7,0.896916593462992,0.7594152
FSM-200 released,0.45,120,0.3,1.1545566791754,1.3029193
FSM-200 released,0.45,120,0.7,1.16115358184164,1.2923966
FSM-200 released,0.45,195,0.3,1.15538984875633,0.8086623
FSM-200 released,0.45,195,0.7,1.16221099030281,0.805506
FSM-200 released,0.45,270,0.3,1.15620478694461,0.5820053
FSM-200 released,0.45,270,0.7,1.16302257202865,0.6050317
FSM-200 released,0.55,120,0.3,1.44162167693561,1.0612238
FSM-200 released,0.55,120,0.7,1.44936629809278,1.0580691
FSM-200 released,0.55,195,0.3,1.44264044915198,0.6588918
FSM-200 released,0.55,195,0.7,1.45026224416423,0.6579774
FSM-200 released,0.55,270,0.3,1.44350837322734,0.4791272
FSM-200 released,0.55,270,0.7,1.45109420465037,0.4839859
FSM-200 released,0.65,120,0.3,1.67806083390214,0.9082292
FSM-200 released,0.65,120,0.7,1.68377603003589,0.8904482
FSM-200 released,0.65,195,0.3,1.67885427576977,0.5529315
FSM-200 released,0.65,195,0.7,1.684648531907,0.5552875
FSM-200 released,0.65,270,0.3,1.67954023737377,0.4033394
FSM-200 released,0.65,270,0.7,1.68534518939701,0.4027171
FSM-100 1n,0.15,120,0.3,0.215273434608862,0.0423934
FSM-100 1n,0.15,120,0.7,0.294889145618166,0.0417676
FSM-100 1n,0.15,195,0.3,0.215273434608862,0.0420984
FSM-100 1n,0.15,195,0.7,0.294889145618166,0.0425583
FSM-100 1n,0.15,270,0.3,0.215273434608862,0.0423432
FSM-100 1n,0.15,270,0.7,0.294889145618166,0.0422757
FSM-100 1n,0.25,120,0.3,0.567210091742116,0.0254361
FSM-100 1n,0.25,120,0.7,0.599744027801861,0.0256171
FSM-100 1n,0.25,195,0.3,0.567210091742116,0.0254152
FSM-100 1n,0.25,195,0.7,0.599744027801861,0.0254353
FSM-100 1n,0.25,270,0.3,0.567210091742116,0.0251862
FSM-100 1n,0.25,270,0.7,0.599744027801861,0.0257029
FSM-100 1n,0.35,120,0.3,0.912927913237692,0.0182362
FSM-100 1n,0.35,120,0.7,1.0006701514548,0.0185753
FSM-100 1n,0.35,195,0.3,0.912927913237692,0.0182868
FSM-100 1n,0.35,195,0.7,1.0006701514548,0.0184803
FSM-100 1n,0.35,270,0.3,0.912927913237692,0.018086
FSM-100 1n,0.35,270,0.7,1.0006701514548,0.018497
FSM-100 1n,0.45,120,0.3,1.18610254150786,0.0143654
FSM-100 1n,0.45,120,0.7,1.25997080067329,0.0143225
FSM-100 1n,0.45,195,0.3,1.18610254150786,0.0144303
FSM-100 1n,0.45,195,0.7,1.25997080067329,0.0143884
FSM-100 1n,0.45,270,0.3,1.18610254150786,0.014178
FSM-100 1n,0.45,270,0.7,1.25997080067329,0.0144002
FSM-100 1n,0.55,120,0.3,1.47412471792985,0.0118558
FSM-100 1n,0.55,120,0.7,1.54339656806365,0.0118411
FSM-100 1n,0.55,195,0.3,1.47412471792985,0.0118602
FSM-100 1n,0.55,195,0.7,1.54339656806365,0.0118763
FSM-100 1n,0.55,270,0.3,1.47412471792985,0.0117974
FSM-100 1n,0.55,270,0.7,1.54339656806365,0.0118194
FSM-100 1n,0.65,120,0.3,1.70861448395107,0.010037
FSM-100 1n,0.65,120,0.7,1.78497242220293,0.0100314
FSM-100 1n,0.65,195,0.3,1.70861448395107,0.0100969
FSM-100 1n,0.65,195,0.7,1.78497242220293,0.0100149
FSM-100 1n,0.65,270,0.3,1.70861448395107,0.0101207
FSM-100 1n,0.65,270,0.7,1.78497242220293,0.0100881
FSM-200 r0.9,0.15,120,0.3,0.189551951910648,0.2795208
FSM-200 r0.9,0.15,120,0.7,0.194380490231273,0.285063
FSM-200 r0.9,0.15,195,0.3,0.189551951910648,0.2867316
FSM-200 r0.9,0.15,195,0.7,0.194380490231273,0.2891335
FSM-200 r0.9,0.15,270,0.3,0.189551951910648,0.284168
FSM-200 r0.9,0.15,270,0.7,0.194380490231273,0.283072
FSM-200 r0.9,0.25,120,0.3,0.540838360547202,0.1724383
FSM-200 r0.9,0.25,120,0.7,0.547788540749443,0.1734921
FSM-200 r0.9,0.25,195,0.3,0.540838360547202,0.1728892
FSM-200 r0.9,0.25,195,0.7,0.547788540749443,0.1734728
FSM-200 r0.9,0.25,270,0.3,0.540838360547202,0.1724105
FSM-200 r0.9,0.25,270,0.7,0.547788540749443,0.1718154
FSM-200 r0.9,0.35,120,0.3,0.908449694254417,0.1255755
FSM-200 r0.9,0.35,120,0.7,0.915177871057234,0.1239598
FSM-200 r0.9,0.35,195,0.3,0.908449694254417,0.1219329
FSM-200 r0.9,0.35,195,0.7,0.915177871057234,0.1231892
FSM-200 r0.9,0.35,270,0.3,0.908449694254417,0.1236263
FSM-200 r0.9,0.35,270,0.7,0.915177871057234,0.1243857
FSM-200 r0.9,0.45,120,0.3,1.17337302164517,0.0952509
FSM-200 r0.9,0.45,120,0.7,1.18026634706483,0.0950723
FSM-200 r0.9,0.45,195,0.3,1.17337302164517,0.0964097
FSM-200 r0.9,0.45,195,0.7,1.18026634706483,0.0942577
FSM-200 r0.9,0.45,270,0.3,1.17337302164517,0.0957315
FSM-200 r0.9,0.45,270,0.7,1.18026634706483,0.0964459
FSM-200 r0.9,0.55,120,0.3,1.46055670263837,0.0791677
FSM-200 r0.9,0.55,120,0.7,1.46786806015573,0.0795361
FSM-200 r0.9,0.55,195,0.3,1.46055670263837,0.0766719
FSM-200 r0.9,0.55,195,0.7,1.46786806015573,0.0781481
FSM-200 r0.9,0.55,270,0.3,1.46055670263837,0.0783692
FSM-200 r0.9,0.55,270,0.7,1.46786806015573,0.0794716
FSM-200 r0.9,0.65,120,0.3,1.69531876732125,0.0681488
FSM-200 r0.9,0.65,120,0.7,1.70135435800165,0.0675151
FSM-200 r0.9,0.65,195,0.3,1.69531876732125,0.0671487
FSM-200 r0.9,0.65,195,0.7,1.70135435800165,0.0660499
FSM-200 r0.9,0.65,270,0.3,1.69531876732125,0.0673482
FSM-200 r0.9,0.65,270,0.7,1.70135435800165,0.0668382
FSM-400 8n r0.25,0.15,120,0.3,0.20859163421672,7.7317791
FSM-400 8n r0.25,0.15,120,0.7,0.209806225414155,7.734187
FSM-400 8n r0.25,0.15,195,0.3,0.20859163421672,7.7610845
FSM-400 8n r0.25,0.15,195,0.7,0.209806225414155,7.7892476
FSM-400 8n r0.25,0.15,270,0.3,0.20859163421672,7.645562
FSM-400 8n r0.25,0.15,270,0.7,0.209806225414155,7.8003659
FSM-400 8n r0.25,0.25,120,0.3,0.564959847030244,4.6396532
FSM-400 8n r0.25,0.25,120,0.7,0.566662782842756,4.7228752
FSM-400 8n r0.25,0.25,195,0.3,0.564959847030244,4.680782
FSM-400 8n r0.25,0.25,195,0.7,0.566662782842756,4.6802412
FSM-400 8n r0.25,0.25,270,0.3,0.564959847030244,4.7594852
FSM-400 8n r0.25,0.25,270,0.7,0.566662782842756,4.6582694
FSM-400 8n r0.25,0.35,120,0.3,0.931294756169241,3.2923215
FSM-400 8n r0.25,0.35,120,0.7,0.932828950730833,3.3512626
FSM-400 8n r0.25,0.35,195,0.3,0.931294756169241,3.3578802
FSM-400 8n r0.25,0.35,195,0.7,0.932828950730833,3.3465619
FSM-400 8n r0.25,0.35,270,0.3,0.931294756169241,3.3707212
FSM-400 8n r0.25,0.35,270,0.7,0.932828950730833,3.3514297
FSM-400 8n r0.25,0.45,120,0.3,1.19735416866232,2.5855416
FSM-400 8n r0.25,0.45,120,0.7,1.19906288238013,2.6053474
FSM-400 8n r0.25,0.45,195,0.3,1.19735416866232,2.5849397
FSM-400 8n r0.25,0.45,195,0.7,1.19906288238013,2.6269496
FSM-400 8n r0.25,0.45,270,0.3,1.19735416866232,2.6290907
FSM-400 8n r0.25,0.45,270,0.7,1.19906288238013,2.6159779
FSM-400 8n r0.25,0.55,120,0.3,1.4860503563056,2.1551209
FSM-400 8n r0.25,0.55,120,0.7,1.48781102172691,2.1384234
FSM-400 8n r0.25,0.55,195,0.3,1.4860503563056,2.0962301
FSM-400 8n r0.25,0.55,195,0.7,1.48781102172691,2.1329975
FSM-400 8n r0.25,0.55,270,0.3,1.4860503563056,2.1289568
FSM-400 8n r0.25,0.55,270,0.7,1.48781102172691,2.1473162
FSM-400 8n r0.25,0.65,120,0.3,1.71581862336696,1.8282886
FSM-400 8n r0.25,0.65,120,0.7,1.71746971046622,1.8250749
FSM-400 8n r0.25,0.65,195,0.3,1.71581862336696,1.794897
FSM-400 8n r0.25,0.65,195,0.7,1.71746971046622,1.8240617
FSM-400 8n r0.25,0.65,270,0.3,1.71581862336696,1.8049943
FSM-400 8n r0.25,0.65,270,0.7,1.71746971046622,1.8418023
