fz,vc,ap,Sa_fsm1600,Sa_fsm800,Sa_ref,Sa_tide1600,t_ref
0.15,120,0.3,0.234249470747195,0.225766369003562,0.24273257249082797,0.242654138381489,239.3724406
0.15,120,0.7,0.234567352398669,0.226386067237169,0.24274863756016898,0.242654138381489,240.7234627
0.15,195,0.3,0.234249470747195,0.225766369003562,0.24273257249082797,0.242654138381489,239.3711526
0.15,195,0.7,0.234567352398669,0.226386067237169,0.24274863756016898,0.242654138381489,240.4865734
0.15,270,0.3,0.234249470747195,0.225766369003562,0.24273257249082797,0.242654138381488,239.1182991
0.15,270,0.7,0.234567352398669,0.226386067237169,0.24274863756016898,0.242654138381488,240.9737644
0.25,120,0.3,0.599784753503403,0.588326675883734,0.611242831123072,0.610783585955031,147.244753
0.25,120,0.7,0.600211065947654,0.589194274327192,0.6112278575681162,0.610783585955031,148.5493286
0.25,195,0.3,0.599784753503403,0.588326675883734,0.611242831123072,0.61078358595503,130.9203637
0.25,195,0.7,0.600211065947654,0.589194274327192,0.6112278575681162,0.61078358595503,131.4489324
0.25,270,0.3,0.599784753503403,0.588326675883734,0.611242831123072,0.610783585955031,130.2575662
0.25,270,0.7,0.600211065947654,0.589194274327192,0.6112278575681162,0.610783585955031,131.6628472
0.35,120,0.3,0.963029023942853,0.952625450775195,0.9734325971105109,0.973272828589179,93.4527274
0.35,120,0.7,0.963404691968941,0.953384224430827,0.9734251595070549,0.973272828589179,93.79553290000001
0.35,195,0.3,0.963029023942853,0.952625450775195,0.9734325971105109,0.973272828589178,93.7225468
0.35,195,0.7,0.963404691968941,0.953384224430827,0.9734251595070549,0.973272828589178,94.16345890000001
0.35,270,0.3,0.963029023942853,0.952625450775195,0.9734325971105109,0.973272828589177,92.03891440000001
0.35,270,0.7,0.963404691968941,0.953384224430827,0.9734251595070549,0.973272828589177,93.2515017
0.45,120,0.3,1.23019375892655,1.21940180399774,1.24098571385536,1.24054386173046,72.3279326
0.45,120,0.7,1.23061098806251,1.22024105546257,1.24098092066245,1.24054386173046,73.46224169999999
0.45,195,0.3,1.23019375892655,1.21940180399774,1.24098571385536,1.24054386173047,73.08875359999999
0.45,195,0.7,1.23061098806251,1.22024105546257,1.24098092066245,1.24054386173047,73.3140928
0.45,270,0.3,1.23019375892655,1.21940180399774,1.24098571385536,1.24054386173047,71.296707
0.45,270,0.7,1.23061098806251,1.22024105546257,1.24098092066245,1.24054386173047,71.1520895
0.55,120,0.3,1.5198748010426,1.50875927551938,1.53099032656582,1.53067956812042,58.4375066
0.55,120,0.7,1.52031936002897,1.509646313867,1.53099240619094,1.53067956812042,58.5171436
0.55,195,0.3,1.5198748010426,1.50875927551938,1.53099032656582,1.53067956812042,58.405779100000004
0.55,195,0.7,1.52031936002897,1.509646313867,1.53099240619094,1.53067956812042,59.464481500000005
0.55,270,0.3,1.5198748010426,1.50875927551938,1.53099032656582,1.53067956812042,59.0745268
0.55,270,0.7,1.52031936002897,1.509646313867,1.53099240619094,1.53067956812042,58.7386414
0.65,120,0.3,1.74494448452853,1.73535999420996,1.7545289748471,1.75444436172291,47.6492019
0.65,120,0.7,1.74533331632009,1.73614807472272,1.7545185579174598,1.75444436172291,47.731342
0.65,195,0.3,1.74494448452853,1.73535999420996,1.7545289748471,1.7544443617229,47.6207548
0.65,195,0.7,1.74533331632009,1.73614807472272,1.7545185579174598,1.7544443617229,47.13760190000001
0.65,270,0.3,1.74494448452853,1.73535999420996,1.7545289748471,1.7544443617229,44.712357399999995
0.65,270,0.7,1.74533331632009,1.73614807472272,1.7545185579174598,1.7544443617229,44.1242433
