case,grid_base,delta_t,ratio,method,Sa_um,Sz_um,t_s,cells_gt2um_above_tide
A3,400,,0.25,tide,2.0297723463598,9.723704383787,1.5988588,
A3,400,8e-07,0.25,fsm,1.96994126040404,9.38344475471808,1.216353,0
A3,800,,0.49,tide,2.03066065332792,9.723704383787,6.3522008,
A3,800,8e-07,0.49,fsm,2.00353367614315,9.61131017165273,2.4307728,0
A3,1600,,0.98,tide,2.03130342548214,9.7365660465778,25.4097038,
A3,1600,8e-07,0.98,fsm,2.0203615491356,12.0769410847034,5.0263972,205
A3,1600,2e-07,0.25,fsm,2.01676264033107,9.74138427068049,19.4396872,0
A1,3200,,1.45,tide,1.56865948308764,10.0642878741243,101.535516,
A1,3200,8e-07,1.45,fsm,2.20944803136875,272.447221223019,12.3319228,2119600
A1,3200,2e-07,0.36,fsm,1.5648009417319,10.0308107527365,44.9931356,0
