sweep,knob_value,grid_base,n_points,z_n,n_pass,vc,fz,t_s,points_per_s,Sa,Sq,Sz
grid,25,25,1326,2,1,170,0.6,0.0130887,101308.763,1.484993493,1.673241735,9.052045735
grid,35,35,2556,2,1,170,0.6,0.025267,101159.615,1.565200683,1.824755798,9.846055775
grid,50,50,5151,2,1,170,0.6,0.0522336,98614.6848,1.599823502,1.880368392,9.933951412
grid,71,71,10296,2,1,170,0.6,0.1037811,99208.8155,1.574273987,1.832114374,9.942402347
grid,100,100,20301,2,1,170,0.6,0.201973,100513.435,1.580881917,1.843714876,9.933951412
grid,141,141,40186,2,1,170,0.6,0.3965642,101335.421,1.56829086,1.820730613,9.800913087
grid,200,200,80601,2,1,170,0.6,0.8040749,100240.662,1.571028448,1.82588116,9.94283735
grid,283,283,161028,2,1,170,0.6,1.603542,100420.195,1.568831262,1.821749234,9.937203147
grid,400,400,321201,2,1,170,0.6,3.1856435,100827.666,1.569197747,1.822469669,9.94283735
speed,50,200,80601,2,1,50,0.6,0.7980399,100998.709,1.571028448,1.82588116,9.94283735
speed,100,200,80601,2,1,100,0.6,0.7973137,101090.7,1.571028448,1.82588116,9.94283735
speed,170,200,80601,2,1,170,0.6,0.7952888,101348.089,1.571028448,1.82588116,9.94283735
speed,300,200,80601,2,1,300,0.6,0.800378,100703.668,1.571028448,1.82588116,9.94283735
speed,600,200,80601,2,1,600,0.6,0.7944945,101449.412,1.571028448,1.82588116,9.94283735
speed,1200,200,80601,2,1,1200,0.6,0.7980551,100996.786,1.571028448,1.82588116,9.94283735
speed,2400,200,80601,2,1,2400,0.6,0.7950576,101377.561,1.571028448,1.82588116,9.94283735
feed,0.05,200,80601,2,1,170,0.05,0.8106321,99429.8153,0.03311979211,0.04640248244,0.2374409798
feed,0.1,200,80601,2,1,170,0.1,0.8070766,99867.844,0.1121040671,0.1560835009,0.9716563625
feed,0.2,200,80601,2,1,170,0.2,0.8004096,100699.692,0.4156274093,0.5707259847,3.087984052
feed,0.4,200,80601,2,1,170,0.4,0.8008167,100648.5,1.208942057,1.382932491,5.6703016
feed,0.6,200,80601,2,1,170,0.6,0.7950576,101377.561,1.571028448,1.82588116,9.94283735
feed,0.9,200,80601,2,1,170,0.9,0.7941293,101496.066,2.927504871,3.941739298,22.30938524
feed,1.2,200,80601,2,1,170,1.2,0.7926223,101689.039,4.214872059,5.785450929,36.96549155
