case,grid_base,n_points,Sa,Sq,Sz,max_diff_shared_nodes_um,t_s
A1,25,1326,1.48499349337313,1.67324173476199,9.05204573513441,nan,0.0067903
A1,50,5151,1.5998235023622,1.88036839154682,9.93395141174691,0.0,0.026006
A1,100,20301,1.58088191701734,1.843714875967,9.93395141174691,0.0,0.1017279
A1,200,80601,1.57102844765609,1.82588116048216,9.94283734974377,0.0,0.4038896
A1,400,321201,1.56919774688229,1.82246966911854,9.94283734974377,0.0,1.6135831
A1,800,1282401,1.56880679399002,1.82178723171072,9.97909928507568,0.0,6.5196516
A1,1600,5124801,1.56870793750871,1.82167236491515,10.0296070618907,0.0,26.4775474
A2,25,1326,2.1137092666866,2.73803804612781,9.97903321726456,nan,0.0068444
A2,50,5151,2.00509792135169,2.59231593851813,9.97903321726456,0.0,0.027722
A2,100,20301,1.9505053895524,2.53388313527697,9.98618729133992,0.0,0.1136809
A2,200,80601,1.93800016787323,2.51808545544687,9.98618729133992,0.0,0.436027
A2,400,321201,1.93528263440847,2.51466304062847,9.98618729133992,0.0,1.7106948
A2,800,1282401,1.93462031388458,2.5136227801509,10.0077679084466,0.0,6.7198591
A2,1600,5124801,1.93448536959501,2.51335624583234,10.0115449215755,0.0,26.8876047
A3,25,1326,1.9510508443315,2.37045387326678,8.75635018558307,nan,0.0068394
A3,50,5151,1.98598239418269,2.40678975623696,8.90238411811716,0.0,0.0274945
A3,100,20301,2.03285449997691,2.46894639817051,9.68272968984107,0.0,0.10907
A3,200,80601,2.02939963475337,2.45895984593366,9.723704383787,0.0,0.4191233
A3,400,321201,2.0297723463598,2.45761710705562,9.723704383787,0.0,1.7181181
A3,800,1282401,2.03066065332792,2.45808786896174,9.723704383787,0.0,6.86255
A3,1600,5124801,2.03130342548214,2.45858337620316,9.7365660465778,0.0,26.656777
